clusterName,clusterSize,f_score,recall,PPV,TN,FP,FN,TP,marker_count,markers,onTarget
001 CLA-EPd-CTX Car3 Glut,250,0.6495468277945619,0.344,0.8349514563106796,249445,17,164,86,2,"['Car3', 'Rgs12']",0.2392894923686981
002 IT EP-CLA Glut,850,0.6089438629876307,0.3011764705882352,0.8178913738019169,248805,57,594,256,3,"['Npsr1', '6530403H02Rik', 'Vxn']",0.0593490526080131
003 L5/6 IT TPE-ENT Glut,500,0.4447565543071161,0.19,0.6690140845070423,249165,47,405,95,4,"['Wnt7b', 'Etv1', 'C1ql3', 'Gm2694']",0.0278343930840492
004 L6 IT CTX Glut,1100,0.5601343101343101,0.3336363636363636,0.6746323529411765,248435,177,733,367,3,"['Igfbp6', 'Cryab', 'C1ql3']",0.0477337129414081
005 L5 IT CTX Glut,550,0.3495007132667617,0.1781818181818182,0.460093896713615,249047,115,452,98,3,"['Dkkl1', 'Trbc2', 'Hs3st2']",0.2779898345470428
006 L4/5 IT CTX Glut,1850,0.5541082164328658,0.2989189189189189,0.7044585987261146,247630,232,1297,553,3,"['A830036E02Rik', 'Scube1', 'Satb2']",0.0715638399124145
007 L2/3 IT CTX Glut,900,0.4414784394250514,0.1911111111111111,0.6564885496183206,248722,90,728,172,3,"['Stard8', 'Ccbe1', '9130024F11Rik']",0.0575685538351535
008 L2/3 IT ENT Glut,850,0.57757644394111,0.24,0.8908296943231441,248837,25,646,204,3,"['Gm49906', 'Cd44', 'Rspo2']",0.0893043056130409
009 L2/3 IT PIR-ENTl Glut,1400,0.4580674567000912,0.2871428571428571,0.5381526104417671,247967,345,998,402,3,"['Pdzrn3', 'Slc17a7', 'Lmo7']",0.0250598657876253
010 IT AON-TT-DP Glut,1000,0.5241935483870968,0.208,0.8455284552845529,248674,38,792,208,2,"['Abi3bp', 'Bmpr1b']",0.2607613503932953
011 L2 IT ENT-po Glut,300,0.6783536585365855,0.2966666666666667,1.0,249412,0,211,89,4,"['Rspo2', 'Cntnap3', 'Lef1', 'Cbln4']",0.0340397991240024
012 MEA Slc17a7 Glut,1131,0.4051333668847509,0.1423519009725906,0.7523364485981309,248528,53,970,161,3,"['Trhr', 'Car12', 'Bhlhe22']",0.0893165841698646
013 COAp Grxcr2 Glut,300,0.5855263157894737,0.2966666666666667,0.7739130434782608,249386,26,211,89,2,"['Trh', 'Krt12']",0.201940432190895
014 LA-BLA-BMA-PA Glut,1550,0.5802404600104549,0.2864516129032258,0.7803163444639719,248037,125,1106,444,3,"['Fezf2', 'C1ql3', 'B130024G19Rik']",0.0274904295802116
015 ENTmv-PA-COAp Glut,450,0.5326295585412668,0.2466666666666666,0.75,249225,37,339,111,3,"['Dio3', 'Abca8a', 'Dcn']",0.4925518333911896
016 CA1-ProS Glut,1750,0.5516637478108581,0.216,0.9021479713603818,247921,41,1372,378,2,"['Fibcd1', 'Vxn']",0.099145121872425
017 CA3 Glut,1074,0.7135728542914171,0.3994413407821229,0.8881987577639752,248584,54,645,429,3,"['Slc9a4', 'Npy2r', 'Smoc2']",0.2977638840675354
018 L2 IT PPP-APr Glut,550,0.6108897742363878,0.3345454545454545,0.7698744769874477,249107,55,366,184,2,"['Gm19410', 'Ctxn3']",0.1266941577196121
019 L2/3 IT PPP Glut,650,0.5541455160744501,0.2015384615384615,0.9849624060150376,249060,2,519,131,2,"['Wfs1', 'Cck']",0.0269857197999954
020 L2/3 IT RSP Glut,250,0.4780876494023904,0.192,0.7619047619047619,249447,15,202,48,3,"['Klf5', 'Cxcl14', 'Cck']",0.0508284345269203
021 L4 RSP-ACA Glut,100,0.7857142857142856,0.44,0.9777777777777776,249611,1,56,44,2,"['Il22', 'Prph']",0.2262192368507385
022 L5 ET CTX Glut,1700,0.6818936877076412,0.4829411764705882,0.7601851851851852,247753,259,879,821,2,"['Gm19410', 'Fezf2']",0.1296276599168777
023 SUB-ProS Glut,750,0.6483715319662243,0.2866666666666667,0.947136563876652,248950,12,535,215,2,"['Fn1', 'Gm2164']",0.0941308811306953
024 L5 PPP Glut,50,0.7377049180327868,0.36,1.0,249662,0,32,18,2,"['Lipm', 'Angpt1']",0.5388844609260559
025 CA2-FC-IG Glut,150,0.6451612903225807,0.2666666666666666,1.0,249562,0,110,40,2,"['Gm43154', 'Rgs14']",0.3080300688743591
026 NLOT Rho Glut,50,0.8734939759036144,0.58,1.0,249662,0,21,29,3,"['Cyp26b1', 'C1ql1', 'C1ql3']",0.1041588708758354
027 L6b EPd Glut,350,0.589960886571056,0.5171428571428571,0.6114864864864865,249247,115,169,181,3,"['Ccn2', '6530403H02Rik', 'Fezf2']",0.0647416114807128
028 L6b/CT ENT Glut,700,0.5522629310344828,0.2928571428571428,0.7093425605536332,248928,84,495,205,2,"['Cobll1', 'Nxph3']",0.0549119226634502
029 L6b CTX Glut,600,0.6973684210526317,0.3533333333333333,0.9217391304347826,249094,18,388,212,2,"['Clic5', 'Cplx3']",0.2313628196716308
030 L6 CT CTX Glut,1100,0.6224627875507442,0.3345454545454545,0.7931034482758621,248516,96,732,368,2,"['Trbc2', 'Vxn']",0.1625688523054123
031 CT SUB Glut,150,0.5434782608695651,0.3,0.6818181818181818,249541,21,105,45,3,"['Rspo2', 'Sntb1', 'Vxn']",0.0550379864871501
032 L5 NP CTX Glut,800,0.6479481641468682,0.3,0.9125475285171104,248889,23,560,240,2,"['Myl4', 'Nxph3']",0.3148014843463897
033 NP SUB Glut,300,0.6578947368421052,0.4333333333333333,0.7558139534883721,249370,42,170,130,2,"['Sntb1', 'Nxph3']",0.0573852583765983
034 NP PPP Glut,150,0.5307262569832403,0.2533333333333333,0.7307692307692307,249548,14,112,38,3,"['Rxfp1', 'Prph', 'Nxph3']",0.0520568899810314
035 OB Eomes Ms4a15 Glut,550,0.8340573414422241,0.6981818181818182,0.8767123287671232,249108,54,166,384,1,['Cdhr1'],0.4074966311454773
036 HPF CR Glut,250,0.7178841309823678,0.456,0.8382352941176471,249440,22,136,114,1,['Trp73'],0.2971881926059723
037 DG Glut,450,0.631911532385466,0.3555555555555555,0.7843137254901961,249218,44,290,160,2,"['C1ql2', 'Glis3']",0.1420013606548309
038 DG-PIR Ex IMN,342,0.5721003134796238,0.2134502923976608,0.9864864864864864,249369,1,269,73,2,"['Neurod1', 'Tubb2b']",0.043164923787117
039 OB Meis2 Thsd7b Gaba,492,0.5078125,0.1849593495934959,0.900990099009901,249210,10,401,91,3,"['Foxp2', 'Pcp4l1', 'Meis2']",0.010890731588006
040 OB Trdn Gaba,150,0.8844765342960289,0.6533333333333333,0.9702970297029704,249559,3,52,98,2,"['Inhba', 'Ctxn3']",0.1199210286140441
041 OB-in Frmd7 Gaba,1800,0.6633435582822086,0.2883333333333333,0.9829545454545454,247903,9,1281,519,2,"['Cpa6', 'Meis2']",0.1527515053749084
042 OB-out Frmd7 Gaba,550,0.6851549755301795,0.3054545454545455,0.9940828402366864,249161,1,382,168,2,"['Pde5a', 'Kcnip2']",0.0533193200826644
043 OB-mi Frmd7 Gaba,150,0.7591623036649214,0.3866666666666666,1.0,249562,0,92,58,2,"['Tcap', 'Vip']",0.6458290219306946
044 OB Dopa-Gaba,550,0.7464846980976013,0.6563636363636364,0.7730192719486081,249056,106,189,361,1,['Lgr5'],0.0534215196967124
045 OB-STR-CTX Inh IMN,1410,0.6221937139191789,0.275177304964539,0.9086651053864168,248263,39,1022,388,2,"['Cd24a', 'Meis2']",0.0393173694610595
046 Vip Gaba,2050,0.761166041595636,0.435609756097561,0.9360587002096435,247601,61,1157,893,2,"['Vip', 'Egfr']",0.1847670972347259
047 Sncg Gaba,1100,0.5602134146341464,0.2672727272727273,0.7716535433070866,248525,87,806,294,2,"['Htr3a', 'Megf10']",0.2348245829343795
048 RHP-COA Ndnf Gaba,992,0.5471246006389776,0.2762096774193548,0.7248677248677249,248616,104,718,274,2,"['Htr3a', 'Col19a1']",0.1892476677894592
049 Lamp5 Gaba,898,0.6757990867579908,0.3296213808463251,0.9164086687306502,248787,27,602,296,2,"['Cplx3', 'Kit']",0.0856682583689689
050 Lamp5 Lhx6 Gaba,400,0.7692307692307693,0.5,0.8888888888888888,249287,25,200,200,2,"['Lhx6', 'Cryab']",0.0591071024537086
051 Pvalb chandelier Gaba,100,0.6944444444444444,0.4,0.851063829787234,249605,7,60,40,2,"['Pthlh', 'Unc5b']",0.2177304327487945
052 Pvalb Gaba,1100,0.6387578616352202,0.2954545454545454,0.9002770083102493,248576,36,775,325,2,"['Rbp4', 'Tac1']",0.1411446034908294
053 Sst Gaba,3650,0.6463001318019206,0.3761643835616438,0.7877223178427998,245692,370,2277,1373,2,"['Mafb', 'Klf5']",0.0865846797823906
054 STR Prox1 Lhx6 Gaba,497,0.6902218570254725,0.3380281690140845,0.9333333333333332,249203,12,329,168,2,"['Gpr83', 'Igfbp4']",0.086940124630928
055 STR Lhx8 Gaba,298,0.6301939058171746,0.3053691275167785,0.8584905660377359,249399,15,207,91,4,"['Th', 'Sfta3-ps', 'Lhx8', 'Lhx6']",0.0771387293934822
056 Sst Chodl Gaba,885,0.6899766899766899,0.3344632768361582,0.9396825396825396,248808,19,589,296,2,"['Sfrp1', 'Sst']",0.1334891766309738
057 NDB-SI-MA-STRv Lhx8 Gaba,2731,0.7508845498624034,0.4196265104357378,0.9355102040816328,246902,79,1585,1146,2,"['Gbx1', 'Sox6']",0.1492311656475067
058 PAL-STR Gaba-Chol,758,0.8251996450754215,0.4907651715039577,0.9946524064171124,248952,2,386,372,2,"['Chat', 'Lhx8']",0.2400835156440735
059 GPe-SI Sox6 Cyp26b1 Gaba,250,0.7446808510638298,0.392,0.9607843137254902,249458,4,152,98,3,"['Cyp26b1', 'Sox6', 'Penk']",0.0450920313596725
060 OT D3 Folh1 Gaba,200,0.59,0.295,0.7866666666666666,249496,16,141,59,2,"['Drd3', 'Prok2']",0.4856530725955963
061 STR D1 Gaba,1100,0.7159353348729791,0.4509090909090909,0.8392554991539763,248517,95,604,496,2,"['Pdyn', 'Rarb']",0.073726437985897
062 STR D2 Gaba,1247,0.8310592904986357,0.53728949478749,0.9626436781609196,248439,26,577,670,2,"['Adora2a', 'Ppp1r1b']",0.5468084812164307
063 STR D1 Sema5a Gaba,548,0.6079931972789115,0.260948905109489,0.910828025477707,249150,14,405,143,2,"['Gm40663', 'Rarb']",0.5145359039306641
064 STR-PAL Chst9 Gaba,750,0.4916753381893861,0.252,0.6450511945392492,248858,104,561,189,2,"['Chst9', 'Six3']",0.1055600196123123
065 IA Mgp Gaba,571,0.4222573007103393,0.1873905429071803,0.6149425287356322,249074,67,464,107,3,"['Ntsr1', 'Col23a1', 'Arx']",0.0585676841437816
066 NDB-SI-ant Prdm12 Gaba,590,0.4575402635431919,0.211864406779661,0.6443298969072165,249053,69,465,125,3,"['Prdm12', 'Pax6', 'Sema3a']",0.0503098890185356
067 LSX Sall3 Pax6 Gaba,387,0.6967615309126595,0.3669250645994832,0.8987341772151899,249309,16,245,142,3,"['Pax6', 'Zic1', 'Gfra1']",0.0176512021571397
068 LSX Otx2 Gaba,1152,0.4716981132075472,0.1909722222222222,0.7457627118644068,248485,75,932,220,2,"['Gpc3', 'Otx2os1']",0.0594345405697822
069 LSX Nkx2-1 Gaba,2013,0.468895078922934,0.250869349230005,0.5990510083036773,247361,338,1508,505,2,"['Synm', 'Myo5b']",0.0446563065052032
070 LSX Prdm12 Slit2 Gaba,1654,0.4662144187283852,0.4238210399032648,0.4781718963165075,247293,765,953,701,2,"['Prdm12', 'Clic4']",0.1326308399438858
071 LSX Prdm12 Zeb2 Gaba,1237,0.5444175596266851,0.2546483427647534,0.7608695652173914,248376,99,922,315,2,"['Ano2', 'Matn2']",0.1798290461301803
072 LSX Sall3 Lmo1 Gaba,694,0.5173775671406002,0.1887608069164265,0.916083916083916,249006,12,563,131,3,"['Sall3', 'Mob3b', 'Prkcd']",0.0716150030493736
073 MEA-BST Sox6 Gaba,2470,0.4429839535677706,0.2101214574898785,0.6127508854781583,246914,328,1951,519,3,"['Cxcl14', 'Sox6', 'Scn5a']",0.0336599349975585
074 MEA-BST Lhx6 Sp9 Gaba,1550,0.5865432716358179,0.3025806451612903,0.7663398692810458,248019,143,1081,469,4,"['Lhx6', 'Sp9', 'Fign', 'Calb1']",0.0267000813037157
075 MEA-BST Lhx6 Nr2e1 Gaba,600,0.6237911025145068,0.43,0.7029972752043597,249003,109,342,258,4,"['Nr2e1', 'Lhx6', 'Dlx1', 'Arx']",0.0490645319223403
076 MEA-BST Lhx6 Nfib Gaba,1666,0.6223316912972084,0.4549819927971189,0.6853526220614828,247698,348,908,758,2,"['Tmem215', 'Lhx6']",0.110948272049427
077 CEA-BST Gal Avp Gaba,100,0.9065934065934066,0.66,1.0,249612,0,34,66,2,"['Avp', 'Gal']",0.6296937465667725
078 SI-MA-ACB Ebf1 Bnc2 Gaba,500,0.5729166666666666,0.22,0.9565217391304348,249207,5,390,110,3,"['Bnc2', 'Gulp1', 'Arx']",0.0389742814004421
079 CEA-BST Six3 Cyp26b1 Gaba,988,0.7117310443490701,0.402834008097166,0.8805309734513275,248670,54,590,398,2,"['Upk1b', 'Cyp26b1']",0.5814881920814514
080 CEA-AAA-BST Six3 Sp9 Gaba,1239,0.2368093061902783,0.0920096852300242,0.3904109589041096,248295,178,1125,114,2,"['Plekhh2', 'Six3']",0.0396689921617507
081 ACB-BST-FS D1 Gaba,522,0.4130808950086058,0.1839080459770115,0.6,249126,64,426,96,4,"['Wfs1', 'Sox1ot', 'Zfp503', 'Ipcef1']",0.0296927168965339
082 CEA-BST Ebf1 Pdyn Gaba,1097,0.3726893261776982,0.1139471285323609,0.8620689655172413,248595,20,972,125,3,"['6430628N08Rik', 'Pdyn', 'Sst']",0.080916903913021
083 CEA-BST Rai14 Pdyn Crh Gaba,200,0.5000000000000001,0.21,0.7636363636363637,249499,13,158,42,3,"['Rai14', 'Pde11a', 'Arx']",0.056428387761116
084 BST-SI-AAA Six3 Slc22a3 Gaba,350,0.5849582172701949,0.24,0.9130434782608696,249354,8,266,84,4,"['Slc22a3', 'Gm45194', 'Six3os1', 'Gm2164']",0.2280147075653076
085 SI-MPO-LPO Lhx8 Gaba,1804,0.6639144558743909,0.5437915742793792,0.7027220630372493,247493,415,823,981,2,"['Gbx2', 'Lhx6']",0.0651724636554718
086 MPO-ADP Lhx8 Gaba,1153,0.4766154944662621,0.2315698178664353,0.6480582524271845,248414,145,886,267,4,"['Lhx8', 'Sfta3-ps', 'Gm2164', 'Pou3f1']",0.0474763810634613
087 MPN-MPO-LPO Lhx6 Zfhx3 Gaba,500,0.5677655677655679,0.248,0.8378378378378378,249188,24,376,124,4,"['Gpc3', 'Lhx6', 'Pde11a', 'Pde1c']",0.0523899495601654
088 BST Tac2 Gaba,500,0.6481481481481481,0.336,0.8442211055276382,249181,31,332,168,2,"['Tac2', 'Satb2']",0.1439218968153
089 PVR Six3 Sox3 Gaba,1685,0.457075886317023,0.1851632047477744,0.7222222222222222,247907,120,1373,312,4,"['Prdm16', 'Dlx1', 'Rorb', 'Zic1']",0.020037880167365
090 BST-MPN Six3 Nrgn Gaba,1533,0.3410570164019786,0.1709067188519243,0.4540727902946274,247864,315,1271,262,4,"['Rspo1', 'Isl1', 'Six3', 'Scn5a']",0.0389958694577217
091 ARH-PVi Six6 Dopa-Gaba,200,0.804093567251462,0.55,0.9090909090909092,249501,11,90,110,3,"['Slc6a3', 'Dlk1', 'Dlx1']",0.0327530987560749
092 TMv-PMv Tbx3 Hist-Gaba,337,0.8514664143803218,0.5341246290801187,1.0,249375,0,157,180,2,"['Hdc', 'Tbx3']",0.2591101229190826
093 RT-ZI Gnb3 Gaba,1243,0.7230514096185738,0.3507642799678198,0.984198645598194,248462,7,807,436,2,"['Isl1', 'Pvalb']",0.0413760319352149
094 SCH Six6 Cdc14a Gaba,700,0.5361305361305361,0.2628571428571428,0.7244094488188977,248942,70,516,184,2,"['Six6', 'Syt10']",0.1406088322401046
095 DMH Prdm13 Gaba,300,0.6167763157894737,0.25,0.974025974025974,249410,2,225,75,3,"['Sfta3-ps', 'Plagl1', 'Dlx1']",0.038646712899208
096 PVHd Gsc Gaba,50,0.4999999999999999,0.18,0.9,249661,1,41,9,3,"['Gsc', 'Pcsk5', 'Gfra1']",0.016114542260766
097 PVHd-SBPV Six3 Prox1 Gaba,1050,0.3240302743614002,0.1304761904761904,0.5150375939849624,248533,129,913,137,3,"['Isl1', 'Bmper', 'Sox2ot']",0.0235837493091821
098 AHN-SBPV-PVHd Pdrm12 Gaba,1799,0.1660026560424966,0.1528627015008338,0.1696483652066625,246567,1346,1524,275,4,"['Sox2ot', 'Nr2f2', 'Dlk1', 'Dlx1']",0.0104878675192594
099 SBPV-PVa Six6 Satb2 Gaba,750,0.4621848739495798,0.3226666666666666,0.5182012847965739,248737,225,508,242,3,"['Six6', 'Arx', 'Dlx1']",0.0270749162882566
100 AHN Onecut3 Gaba,800,0.396594684385382,0.23875,0.4751243781094527,248701,211,609,191,2,"['Pmfbp1', 'Dlx1']",0.1305038928985595
101 ZI Pax6 Gaba,3612,0.5836471221086605,0.2403100775193798,0.9079497907949792,246012,88,2744,868,3,"['Pax6', 'Arx', 'Lhx1os']",0.0286200586706399
102 DMH-LHA Gsx1 Gaba,1343,0.5027217419148254,0.2338049143708116,0.7056179775280899,248238,131,1029,314,4,"['Asb4', 'St18', 'Isl1', 'Prox1']",0.04042399674654
103 PVHd-DMH Lhx6 Gaba,1102,0.4448017148981779,0.1506352087114337,0.8691099476439791,248585,25,936,166,3,"['Lhx6', 'Drd2', 'St18']",0.0585017725825309
104 TU-ARH Otp Six6 Gaba,1196,0.8291770573566085,0.6672240802675585,0.8827433628318584,248410,106,398,798,2,"['Otp', 'Isl1']",0.0449204295873642
105 TMd-DMH Foxd2 Gaba,443,0.6485740570377185,0.3182844243792325,0.8757763975155279,249249,20,302,141,2,"['Foxd2os', 'Sox14']",0.1864033639430999
106 PVpo-VMPO-MPN Hmx2 Gaba,2331,0.5210377152823197,0.205062205062205,0.8475177304964538,247295,86,1853,478,3,"['Nts', 'Irs4', 'Dlx1']",0.0360907688736915
107 DMH Hmx2 Gaba,2174,0.3954637976155858,0.250229990800368,0.4625850340136054,246906,632,1630,544,3,"['Gal', 'Dlk1', 'Dlx1']",0.0307935159653425
108 ARH-PVp Tbx3 Gaba,550,0.5975794251134645,0.2872727272727273,0.8186528497409327,249127,35,392,158,3,"['Tbx3', 'Dlk1', 'Dlx1']",0.0299906693398952
109 LGv-ZI Otx2 Gaba,850,0.3602533650039588,0.2141176470588235,0.4343675417661098,248625,237,668,182,3,"['Otx2os1', 'Zfp503', 'Zic1']",0.0249623488634824
110 BST-po Iigp1 Glut,50,0.7377049180327868,0.36,1.0,249662,0,32,18,2,"['Gm34609', '4930438E09Rik']",0.5712094306945801
111 TRS-BAC Sln Glut,229,0.7520661157024794,0.3973799126637554,0.9680851063829788,249480,3,138,91,2,"['Sln', 'Ctxn3']",0.2975545823574066
112 GPi Tbr1 Cngb3 Gaba-Glut,150,0.7412060301507537,0.3933333333333333,0.9516129032258064,249559,3,91,59,3,"['Cngb3', 'Pax6', 'Tbr1']",0.0551364794373512
113 MEA-COA-BMA Ccdc42 Glut,796,0.3371934604904633,0.1243718592964824,0.5892857142857143,248847,69,697,99,3,"['Tmem215', 'Iqgap2', 'Zbtb7c']",0.035201821476221
114 COAa-PAA-MEA Barhl2 Glut,1950,0.5402830702231899,0.2035897435897435,0.9211136890951276,247728,34,1553,397,3,"['Barhl2', 'Tbr1', 'Rprml']",0.0212577134370803
115 MS-SF Bsx Glut,855,0.7322175732217573,0.3684210526315789,0.9722222222222222,248848,9,540,315,3,"['Bmp7', 'Onecut1', 'Isl1']",0.0699861049652099
116 AVPV-MEPO-SFO Tbr1 Glut,1257,0.6562780940964938,0.3484486873508353,0.8423076923076923,248373,82,819,438,2,"['Gng8', 'Tbr1']",0.1301288455724716
117 LHA Barhl2 Glut,666,0.33003300330033,0.1801801801801801,0.4166666666666667,248878,168,546,120,4,"['Tbr1', 'Cbln1', 'Lhx1os', 'Calb2']",0.0149976909160614
118 ADP-MPO Trp73 Glut,871,0.7731186821415199,0.4741676234213547,0.9177777777777778,248804,37,458,413,2,"['Trp73', 'Tmem132c']",0.1383640170097351
119 SI-MA-LPO-LHA Skor1 Glut,3392,0.6114918292040064,0.2735849056603773,0.8846520495710201,246199,121,2464,928,3,"['Dmrta2', 'Gm29683', 'Tbr1']",0.0464821644127368
120 MEA Otp Foxp2 Glut,250,0.5749128919860625,0.264,0.8148148148148148,249447,15,184,66,3,"['Calcrl', '6530403H02Rik', 'Calb2']",0.0644094571471214
121 MEA-BST Otp Zic2 Glut,468,0.6158088235294116,0.2863247863247863,0.864516129032258,249223,21,334,134,3,"['Sim1', 'Zic2', 'Cxcl14']",0.044504065066576
122 LHA-MEA Otp Glut,337,0.651644336175396,0.3175074183976261,0.8842975206611571,249361,14,230,107,4,"['Pth2r', 'Sim1', 'Otp', 'Penk']",0.0591227486729621
123 DMH Nkx2-4 Glut,300,0.693717277486911,0.3533333333333333,0.913793103448276,249402,10,194,106,2,"['Ppp1r17', 'Pdyn']",0.1802135556936264
124 MPN-MPO-PVpo Hmx2 Glut,1600,0.5013888888888889,0.225625,0.722,247973,139,1239,361,4,"['Sfta3-ps', 'Stk32a', '3110039M20Rik', 'Tmem132c']",0.0272231008857488
125 DMH Hmx2 Glut,550,0.6348637015781923,0.3218181818181818,0.8388625592417062,249128,34,373,177,3,"['Isl1', 'Ntng2', 'Rorb']",0.0313735716044902
126 ARH-PVp Tbx3 Glut,541,0.502476999292286,0.2624768946395563,0.6513761467889908,249095,76,399,142,2,"['Tbx3', 'Pdyn']",0.1291409432888031
127 DMH-LHA Vgll2 Glut,235,0.7092819614711032,0.3446808510638298,0.9642857142857144,249474,3,154,81,3,"['Rfx4', 'Lhx9', 'C1ql3']",0.0252099055796861
128 VMH Fezf1 Glut,550,0.5817378497790869,0.2872727272727273,0.7821782178217822,249118,44,392,158,3,"['Fezf1', 'Sfta3-ps', 'Gm2694']",0.0569238513708114
129 VMH Nr5a1 Glut,950,0.6983805668016194,0.3631578947368421,0.9078947368421052,248727,35,605,345,2,"['Nr5a1', 'Cbln1']",0.5101985335350037
130 LHA Pmch Glut,250,0.9099804305283756,0.744,0.9637305699481864,249455,7,64,186,1,['Pmch'],1.0
131 LHA-AHN-PVH Otp Trh Glut,750,0.548397234443746,0.4653333333333333,0.5740131578947368,248703,259,401,349,2,"['Trh', 'Sim1']",0.1892466247081756
132 AHN-RCH-LHA Otp Fezf1 Glut,1142,0.6099706744868034,0.3642732049036777,0.7336860670194003,248419,151,726,416,3,"['Fezf1', 'Otp', 'Adcyap1']",0.0449998565018177
133 PVH-SO-PVa Otp Glut,1138,0.5311890838206628,0.2873462214411247,0.6742268041237114,248416,158,811,327,3,"['Sim1', 'Otp', 'Fign']",0.046826783567667
134 PH-ant-LHA Otp Bsx Glut,1997,0.7618965813434119,0.4441662493740611,0.9278242677824268,247646,69,1110,887,2,"['Bsx', 'Sim1']",0.1160833239555358
135 STN-PSTN Pitx2 Glut,1535,0.7839218298911838,0.4599348534201954,0.9514824797843666,248141,36,829,706,2,"['Cdh23', 'Pitx2']",0.1443863213062286
136 PMv-TMv Pitx2 Glut,700,0.4930904522613065,0.2242857142857142,0.7040358744394619,248946,66,543,157,3,"['Crnde', 'Tac1', 'Nos1']",0.0587022677063941
137 PH-an Pitx2 Glut,327,0.6785370548604428,0.4311926605504587,0.7921348314606742,249348,37,186,141,2,"['Calcr', 'Pax7']",0.1298747509717941
138 PH Pitx2 Glut,807,0.3779963122311002,0.1524163568773234,0.6,248823,82,684,123,4,"['Lmx1a', 'Nr4a2', '2700069I18Rik', 'Nos1']",0.0223932787775993
139 PH-LHA Foxb1 Glut,1178,0.5465502909393184,0.2232597623089983,0.8566775244299675,248490,44,915,263,3,"['Pitx2', 'B230323A14Rik', 'Prlr']",0.1110989674925804
140 PMd-LHA Foxb1 Glut,700,0.6274509803921569,0.3657142857142857,0.764179104477612,248933,79,444,256,3,"['Foxb1', 'Emx2os', 'Sfta3-ps']",0.0770976394414901
141 PH-SUM Foxa1 Glut,1398,0.5967946014339941,0.4048640915593705,0.6770334928229665,248044,270,832,566,3,"['Pitx2', 'Lmx1a', 'Nr4a2']",0.1119830608367919
142 HY Gnrh1 Glut,50,0.9917355371900828,0.96,1.0,249662,0,2,48,1,['Gnrh1'],1.0
143 MM-ant Foxb1 Glut,300,0.646551724137931,0.3,0.9090909090909092,249403,9,210,90,3,"['Pitx2', 'Ctxn3', 'Gpr83']",0.0878972485661506
144 MM Foxb1 Glut,350,0.8318739054290717,0.5428571428571428,0.9595959595959596,249354,8,160,190,2,"['Foxb1', 'Sall3']",0.1179102584719657
145 MH Tac2 Glut,1042,0.8788501026694046,0.8214971209213052,0.8944618599791013,248569,101,186,856,1,['Gm5741'],1.0
146 LH Pou4f1 Sox1 Glut,700,0.5913173652694611,0.2257142857142857,0.9937106918238994,249011,1,542,158,3,"['Kcnh8', 'Sox1', 'Nr4a2']",0.0373964458703994
147 AD Serpinb7 Glut,100,0.8676470588235293,0.59,0.9833333333333332,249611,1,41,59,2,"['C1ql2', 'Col27a1']",0.2033866345882415
148 AV Col27a1 Glut,100,0.7056451612903225,0.35,0.945945945945946,249610,2,65,35,3,"['Npsr1', 'Col27a1', 'Synpo2']",0.147636666893959
149 PVT-PT Ntrk1 Glut,792,0.5296610169491526,0.2209595959595959,0.813953488372093,248880,40,617,175,3,"['Kcnj5', 'Gbx2', 'Zic5']",0.100781999528408
150 CM-IAD-CL-PCN Sema5b Glut,750,0.6009334889148192,0.2746666666666666,0.8547717842323651,248927,35,544,206,3,"['Col12a1', 'Gbx2', 'C1ql3']",0.0963305607438087
151 TH Prkcd Grin2c Glut,2100,0.7183418512208972,0.4819047619047619,0.8187702265372169,247388,224,1088,1012,2,"['Ramp3', 'Synpo2']",0.1047936007380485
152 RE-Xi Nox4 Glut,700,0.4400510204081632,0.1971428571428571,0.6359447004608295,248933,79,562,138,4,"['Jam2', 'Nbl1', 'Calb1', 'Shox2']",0.0386894568800926
153 MG-POL-SGN Nts Glut,298,0.5352480417754569,0.2751677852348993,0.7008547008547008,249379,35,216,82,3,"['Nts', 'Cartpt', 'Gbx2']",0.1295202523469925
154 PF Fzd5 Glut,800,0.7771739130434782,0.53625,0.8755102040816326,248851,61,371,429,2,"['Fzd5', 'Shox2']",0.2044266462326049
155 PRC-PAG Pax6 Glut,1137,0.6786850477200423,0.337730870712401,0.9078014184397164,248536,39,753,384,3,"['Barhl1', 'Pax6', 'Tcf7l2']",0.0498121306300163
156 MB-ant-ve Dmrta2 Glut,354,0.4155672823218997,0.1779661016949152,0.6237623762376238,249320,38,291,63,4,"['Dmrta2', 'Emx2', 'Mei4', 'Cda']",0.0774718672037124
157 RN Spp1 Glut,48,0.6018518518518519,0.2708333333333333,0.8666666666666667,249662,2,35,13,2,"['C1ql2', '4930445B16Rik']",0.1948292702436447
158 MRN-PAG Nkx6-1 Glut,235,0.6425702811244981,0.4085106382978723,0.75,249445,32,139,96,3,"['Pax5', 'Sim1', 'Gpr149']",0.0631261020898819
159 IF-RL-CLI-PAG Foxa1 Glut,675,0.5588452997779423,0.2237037037037037,0.893491124260355,249019,18,524,151,3,"['Dmrta2', '9030622O22Rik', 'Adgrv1']",0.1621355861425399
160 PAG-SC Neurod2 Meis2 Glut,797,0.5995274660366214,0.2547051442910916,0.90625,248894,21,594,203,3,"['Sox6', 'Pde3a', 'Shox2']",0.0268333964049816
161 PAG Pou4f3 Glut,724,0.6952380952380952,0.4033149171270718,0.8488372093023255,248936,52,432,292,3,"['Pou4f3', 'Prdm8', 'Shox2']",0.033698946237564
162 CUN Evx2 Lhx2 Glut,1309,0.6962406015037593,0.3537051184110008,0.9186507936507936,248362,41,846,463,2,"['Evx2', 'Otx2os1']",0.1183360964059829
163 APN C1ql2 Glut,350,0.7542768273716952,0.5542857142857143,0.8290598290598291,249322,40,156,194,2,"['C1ql2', 'Tcf7l2']",0.1281759440898895
164 APN C1ql4 Glut,450,0.7569141193595342,0.4622222222222222,0.9004329004329005,249239,23,242,208,2,"['C1ql4', 'Ctxn3']",0.1225723922252655
165 PAG-MRN Pou3f1 Glut,1298,0.5707931801334323,0.2372881355932203,0.88,248372,42,990,308,2,"['C1ql2', 'C1ql4']",0.1282022446393966
166 MRN Pou3f1 C1ql4 Glut,549,0.4499703966844286,0.2768670309653916,0.5333333333333333,249030,133,397,152,4,"['C1ql4', 'Shox2', 'Pou6f2', 'Lhx9']",0.0243864711374044
167 PRC-PAG Tcf7l2 Irx2 Glut,1356,0.2965561224489795,0.2057522123893805,0.3333333333333333,247798,558,1077,279,5,"['Tfap2d', 'Shox2', 'Tcf7l2', 'Reln', 'Cbln2']",0.0234345085918903
168 SPA-SPFm-SPFp-POL-PIL-PoT Sp9 Glut,3926,0.504997117047857,0.2677024961793173,0.6487654320987655,245217,569,2875,1051,4,"['Shox2', 'Lhx2', 'Tcf7l2', 'Cbln2']",0.0237811766564846
169 PAG-SC Pou4f1 Zic1 Glut,1619,0.2862469839877166,0.1612106238418777,0.3551020408163265,247619,474,1358,261,5,"['Barhl1', 'Gpr149', 'Tacr1', 'Tcf7l2', 'Shox2']",0.0337688140571117
170 PAG-MRN Tfap2b Glut,1671,0.7186275834121303,0.6367444643925793,0.7424982554082344,247672,369,607,1064,3,"['Bnc2', 'Tfap2b', 'Shox2']",0.0456837899982929
171 PAG Pou4f1 Bnc2 Glut,1043,0.6650620724600963,0.5033557046979866,0.7231404958677686,248468,201,518,525,4,"['Bnc2', 'Sncg', 'Ebf2', 'Shox2']",0.0314496159553527
172 PAG Pou4f1 Ebf2 Glut,2154,0.5828849602869588,0.4224698235840297,0.6440198159943383,247055,503,1244,910,4,"['Barhl1', 'Pou4f1', 'Ebf2', 'Lhx9']",0.0359897762537002
173 PAG Pou4f2 Glut,1618,0.4778263585259212,0.1891223733003708,0.7727272727272727,248004,90,1312,306,3,"['Pou4f2', 'Npsr1', 'Barhl1']",0.1124544590711593
174 PAG Pou4f2 Mesi2 Glut,1322,0.5603735823882589,0.2541603630862329,0.801909307875895,248307,83,986,336,4,"['Pou4f2', 'Npas1', 'Tfap2d', 'Shox2']",0.0690427869558334
175 SC Bnc2 Glut,395,0.6773080241587576,0.3974683544303797,0.8219895287958116,249283,34,238,157,4,"['Bnc2', 'Sox6', 'Csgalnact1', 'Lhx9']",0.0318205989897251
176 SCig Foxb1 Glut,1492,0.697576099210823,0.331769436997319,0.9630350194552528,248201,19,997,495,3,"['B230323A14Rik', 'Tfap2b', 'Sox6']",0.0454114526510238
177 SCig-an-PPT Foxb1 Glut,515,0.8472622478386168,0.570873786407767,0.9639344262295082,249186,11,221,294,3,"['Foxb1', 'B130024G19Rik', 'Tcf7l2']",0.0267632454633712
178 SCig Foxb1 Otx2 Glut,200,0.8261494252873564,0.575,0.9274193548387096,249503,9,85,115,3,"['Foxb1', 'Otx2os1', 'Pou4f1']",0.0576638355851173
179 SCdg-PAG Tfap2b Glut,350,0.6473684210526315,0.3514285714285714,0.82,249335,27,227,123,4,"['Pou4f2', 'D130079A08Rik', 'Bnc2', 'Tfap2b']",0.0688525512814521
180 SCiw Pitx2 Glut,893,0.8012406306539157,0.6942889137737962,0.8333333333333334,248695,124,273,620,2,"['Pitx2', 'Lhx9']",0.0799300372600555
181 IC Tfap2d Maf Glut,1854,0.623489608506525,0.2783171521035599,0.9036777583187392,247803,55,1338,516,3,"['Tfap2d', 'En1', 'Tcf7l2']",0.0375040136277675
182 CUN-PPN Evx2 Meis2 Glut,1523,0.6626506024096385,0.4116874589625738,0.7817955112219451,248014,175,896,627,2,"['C1ql4', 'Pax5']",0.113160140812397
183 PBG Mtnr1a Glut-Chol,28,0.9,0.6428571428571429,1.0,249684,0,10,18,3,"['Pappa2', 'Slc18a3', 'Lhx9']",0.2211367040872573
184 PAG Tcf24 Glut,29,0.802469135802469,0.4482758620689655,1.0,249683,0,16,13,3,"['Flt4', 'C1ql4', 'Th']",0.1598338782787323
185 SCig Tfap2b Chrnb3 Glut,200,0.8426966292134832,0.6,0.9375,249504,8,80,120,3,"['Tfap2b', 'Etv1', 'Shox2']",0.0307707656174898
186 SCop Pou4f2 Neurod2 Glut,150,0.6666666666666665,0.2933333333333333,0.9777777777777776,249561,1,106,44,3,"['Pou4f2', 'Angpt1', 'Kit']",0.0642447099089622
187 SCsg Pde5a Glut,487,0.7260963335729691,0.4147843942505133,0.8938053097345132,249201,24,285,202,3,"['Pde5a', 'Lef1', 'Ebf2']",0.0339613333344459
188 SCop Sln Glut,550,0.772104607721046,0.4509090909090909,0.9393939393939394,249146,16,302,248,2,"['Npnt', 'Pou4f1']",0.0688892677426338
189 PAG Ucn Glut,23,0.8860759493670887,0.6086956521739131,1.0,249689,0,9,14,2,"['Ucn', 'Gm15934']",1.0
190 ND-INC Foxd2 Glut,150,0.7900432900432902,0.4866666666666667,0.935897435897436,249557,5,77,73,2,"['Foxd2', 'Gm16551']",0.6689992547035217
191 PAG-MRN Rln3 Gaba,150,0.8225108225108225,0.5066666666666667,0.9743589743589745,249560,2,74,76,3,"['Rln3', 'Ngf', 'Gata3']",0.2579954266548157
192 PPN-CUN-PCG Otp En1 Gaba,836,0.7156368221941992,0.5430622009569378,0.7773972602739726,248746,130,382,454,3,"['Pax7', 'En1', 'Lhx1os']",0.0472536496818065
193 MRN-PPN-CUN Pax8 Gaba,517,0.7432041642567958,0.4970986460348162,0.8481848184818482,249149,46,260,257,3,"['Pax5', 'En1', 'Otp']",0.0478141605854034
194 MRN-VTN-PPN Pax5 Cdh23 Gaba,659,0.7588617074388416,0.4613050075872534,0.9047619047619048,249021,32,355,304,3,"['Cdh23', 'Pax5', 'Gata3']",0.0880863517522811
195 SNr-VTA Pax5 Npas1 Gaba,406,0.727788279773157,0.3793103448275862,0.9447852760736196,249297,9,252,154,4,"['Sox21', 'Tpm2', 'Pax5', 'Npas1']",0.1385993808507919
196 PAG-PPN Pax5 Sox21 Gaba,895,0.5942720763723149,0.2782122905027933,0.83,248766,51,646,249,4,"['Sox21', 'Otx1', 'Pax5', 'Gata3']",0.1322452574968338
197 SNr Six3 Gaba,171,0.621301775147929,0.3684210526315789,0.75,249520,21,108,63,3,"['Otx1', 'Adam12', 'Six3']",0.0441809147596359
198 IC Six3 En2 Gaba,2042,0.7045101088646968,0.4436826640548482,0.8258887876025525,247479,191,1136,906,3,"['Emx2', 'Six3', 'Gata3']",0.0441881418228149
199 PAG-MRN-RN Foxa2 Gaba,986,0.8056729028364513,0.5415821501014199,0.9175257731958762,248678,48,452,534,3,"['9030622O22Rik', 'Gata3', 'Lhx1os']",0.0278387442231178
200 PAG-ND-PCG Onecut1 Gaba,1090,0.5682407887908666,0.4018348623853211,0.6338639652677279,248369,253,652,438,3,"['Onecut1', 'Lancl3', 'Gata3']",0.0345390848815441
201 PAG-RN Nkx2-2 Otx1 Gaba,1825,0.7481789802289283,0.393972602739726,0.9651006711409396,247861,26,1106,719,3,"['Nkx2-2', 'Tfap2b', 'Gata3']",0.034367524087429
202 PRT Tcf7l2 Gaba,1779,0.5200450813073578,0.3631253513209668,0.5830324909747292,247471,462,1133,646,4,"['Gata3', 'Tcf7l2', 'Lhx1', 'Cbln2']",0.020207542926073
203 LGv-SPFp-SPFm Nkx2-2 Tcf7l2 Gaba,1760,0.7895183175033921,0.5289772727272727,0.9003868471953579,247849,103,829,931,3,"['Nkx2-2', 'Gata3', 'Tcf7l2']",0.0312090720981359
204 SC Otx2 Gcnt4 Gaba,179,0.7159904534606205,0.3351955307262569,1.0,249533,0,119,60,2,"['Pax7', 'Maf']",0.0671279728412628
205 SC-PAG Lef1 Emx2 Gaba,1388,0.6073551263001487,0.4711815561959654,0.6546546546546547,247979,345,734,654,3,"['Emx2', 'Tfap2b', 'Lef1']",0.0433703251183033
206 SCm-PAG Cdh23 Gaba,1050,0.750909090909091,0.3933333333333333,0.971764705882353,248650,12,637,413,3,"['Cdh23', 'Tfap2b', 'Gata3']",0.046956218779087
207 SCs Dmbx1 Gaba,927,0.7320983256145351,0.4433656957928802,0.874468085106383,248726,59,516,411,2,"['Dmbx1', 'Fibcd1']",0.1818254590034485
208 SC Lef1 Otx2 Gaba,216,0.5154639175257733,0.1851851851851851,0.9302325581395348,249493,3,176,40,3,"['Pax7', 'Gbe1', 'Kit']",0.0657798051834106
209 SCs Pax7 Nfia Gaba,700,0.6262376237623762,0.3614285714285714,0.7666666666666667,248935,77,447,253,3,"['Pax7', 'Otx2os1', 'Sst']",0.0675221756100654
210 PRT Mecom Gaba,1011,0.8240564756991583,0.6003956478733927,0.9086826347305388,248640,61,404,607,2,"['Mecom', 'Gata3']",0.1183929368853569
211 SC Tnnt1 Gli3 Gaba,380,0.673758865248227,0.4,0.8128342245989305,249297,35,228,152,2,"['Tnnt1', 'Gli3']",0.3169877529144287
212 SCs Lef1 Gli3 Gaba,380,0.6589958158995817,0.331578947368421,0.875,249314,18,254,126,3,"['Gli3', 'Pax7', 'Tfap2b']",0.0812673941254615
213 SCsg Gabrr2 Gaba,1550,0.7521522428636158,0.4283870967741935,0.9273743016759776,248110,52,886,664,2,"['Cplx3', 'Gata3']",0.0712228640913963
214 IPN Otp Crisp1 Gaba,450,0.7894736842105263,0.4666666666666667,0.9545454545454546,249252,10,240,210,2,"['Chrna2', 'Cnksr3']",0.5699175596237183
215 SNc-VTA-RAmb Foxa1 Dopa,2057,0.8661125129879769,0.5673310646572679,0.9974358974358974,247652,3,890,1167,2,"['Slc6a3', 'Slc10a4']",0.3758341670036316
216 MB-MY Tph2 Glut-Sero,1463,0.8926261319534282,0.6602870813397129,0.9787234042553192,248228,21,497,966,2,"['Fev', 'Gata2']",0.5491690635681152
217 PB Lmx1a Glut,1829,0.856083320183052,0.5932203389830508,0.9627329192546584,247841,42,744,1085,2,"['Tlx3', 'Lmx1a']",0.1484662443399429
218 PSV Lmx1a Trpv6 Glut,151,0.4633204633204633,0.1589403973509933,0.8888888888888888,249558,3,127,24,3,"['Lmx1a', 'Dach2', 'Npy1r']",0.0487434081733226
219 PB-SUT Tlx3 Lhx2 Glut,89,0.576036866359447,0.2808988764044944,0.78125,249616,7,64,25,4,"['Gm10754', 'Bmp6', 'Sema3d', 'Irx3']",0.0666836500167846
220 PB Pax5 Glut,388,0.4634831460674157,0.1701030927835051,0.8148148148148148,249309,15,322,66,4,"['Arhgap36', 'Prkcq', 'En1', 'Adcyap1']",0.0574276745319366
221 LDT-PCG Vsx2 Lhx4 Glut,2112,0.8605769230769231,0.5932765151515151,0.969814241486068,247561,39,859,1253,2,"['Lhx4', 'Ebf2']",0.1238532438874244
222 PB Evx2 Glut,3091,0.4748230950671726,0.2995794241345842,0.5561561561561561,245882,739,2165,926,4,"['Adamts2', 'Gabrq', 'Lhx9', 'Chst8']",0.0236571431159973
223 B-PB Nr4a2 Glut,251,0.6938483547925609,0.3864541832669322,0.8660714285714286,249446,15,154,97,4,"['D930028M14Rik', 'C1ql4', 'Onecut3', 'Asb4']",0.1395386159420013
224 PCG-PRNr Vsx2 Nkx6-1 Glut,1014,0.6446540880503145,0.363905325443787,0.7987012987012987,248605,93,645,369,3,"['Nkx6-1', 'Shox2', 'Lhx1']",0.028664955869317
225 PRNc-NI-SG-RPO Vsx2 Nr4a2 Glut,599,0.7306955966815573,0.3823038397328882,0.9462809917355371,249100,13,370,229,4,"['Vsx2', 'Plekhg1', 'Shox2', 'Adcyap1']",0.0364524573087692
226 PRNc-PARN Tlx1 Glut,320,0.4105839416058394,0.140625,0.7894736842105263,249380,12,275,45,4,"['Arhgap36', 'Sstr2', 'Lmx1b', 'Plagl1']",0.0549522005021572
227 PB-PSV Phox2b Glut,109,0.569620253164557,0.2477064220183486,0.84375,249598,5,82,27,4,"['Scn7a', 'Phox2b', 'Ptger3', 'Lmx1b']",0.1218928098678588
228 PSV Pvalb Lhx2 Glut,333,0.5750350631136044,0.2462462462462462,0.8631578947368421,249366,13,251,82,3,"['Tpm2', 'Tgfbr2', 'C130021I20Rik']",0.0660719498991966
229 PB-NTS Phox2b Ebf3 Lmx1b Glut,695,0.6596306068601583,0.3597122302158273,0.8333333333333334,248967,50,445,250,3,"['Phox2b', 'Eya2', 'Lmx1b']",0.1530944257974624
230 PRNr Otp Nfib Glut,150,0.5536912751677853,0.22,0.8918918918918919,249558,4,117,33,4,"['Evx1os', '4930438E09Rik', 'Otp', 'Nxph4']",0.0745757073163986
231 IPN-LDT Vsx2 Nkx6-1 Glut,534,0.7857974388824214,0.5056179775280899,0.9121621621621622,249152,26,264,270,3,"['Pou4f2', 'Vsx2', 'Pax5']",0.1249192431569099
232 LDT Vsx2 Nkx6-1 Nfib Glut,434,0.7352941176470589,0.4262672811059907,0.8980582524271845,249257,21,249,185,4,"['Gpc4', 'Nkx6-1', 'Pax5', 'En1']",0.0986546576023101
233 NLL-SOC Spp1 Glut,100,0.6567796610169491,0.31,0.9117647058823528,249609,3,69,31,2,"['Plk5', 'Spp1']",0.362256646156311
234 MEV Ppp1r1c Glut,22,0.9146341463414632,0.6818181818181818,1.0,249690,0,7,15,2,"['Isl2', 'Pirt']",0.7745981216430664
235 PG-TRN-LRN Fat2 Glut,150,0.6446540880503143,0.2733333333333333,0.9761904761904762,249561,1,109,41,2,"['Ldlrap1', 'Fcmr']",1.0
236 IRN Vip Glut,149,0.8950086058519794,0.697986577181208,0.9629629629629628,249559,4,45,104,2,"['Vip', 'Mecom']",0.2295149266719818
237 PRP-NI-PRNc-GRN Otp Glut,829,0.6535462309691794,0.4246079613992762,0.7553648068669528,248769,114,477,352,4,"['Otp', 'C1ql3', 'G630016G05Rik', 'Lhx1']",0.0185330398380756
238 NTS Phox2b Glut,3544,0.6102051551814834,0.5237020316027088,0.6364883401920439,245108,1060,1688,1856,2,"['Phox2b', 'Hoxd3']",0.0930286645889282
239 MARN-GRN Pyy Glut,50,0.9756097560975608,0.96,0.979591836734694,249661,1,2,48,1,['Pyy'],1.0
240 MDRNv Lhx4 Qrfprl Glut,50,0.9090909090909092,0.72,0.972972972972973,249661,1,14,36,3,"['Calcr', 'Lhx4', 'Hoxb5']",0.1939470171928405
241 NTS Mbnl3 Glut,50,0.7191780821917809,0.42,0.875,249659,3,29,21,3,"['Vgll3', 'Slc5a7', 'Hoxb5']",0.1093785688281059
242 PGRNd Dmbx1 Glut,78,0.8333333333333334,0.5,1.0,249634,0,39,39,3,"['Mecom', 'Dmbx1', 'Slc5a7']",0.1933197975158691
243 PGRN-PARN-MDRN Hoxb5 Glut,2959,0.1345781815123223,0.3244339303818858,0.1174024703436468,239536,7217,1999,960,3,"['Hoxb5', 'Hoxc4', 'Hotairm1']",0.0294673684984445
244 MV-SPIV Slc6a2 Glut,274,0.6956521739130435,0.3503649635036496,0.9230769230769232,249430,8,178,96,3,"['Crabp1', 'Barhl1', 'Hoxb5']",0.0984806194901466
245 SPVI-SPVC Tlx3 Ebf3 Glut,1597,0.570095354027186,0.3519098309329994,0.6746698679471789,247844,271,1035,562,4,"['Hoxa5', 'Lmx1b', 'Tac1', 'Hoxb5']",0.0464045852422714
246 CU-ECU-SPVI Foxb1 Glut,1088,0.4750479846449136,0.181985294117647,0.7951807228915663,248573,51,890,198,3,"['Tpbg', 'Hoxa5', 'Pou4f1']",0.0575460754334926
247 MV-SPIV Phox2b Ebf3 Lbx1 Glut,649,0.7251041272245361,0.5901386748844376,0.7690763052208835,248948,115,266,383,2,"['Phox2b', 'Lbx1']",0.1483714878559112
248 MV-SPIV Zic4 Neurod2 Glut,1103,0.4959785522788204,0.3689936536718041,0.5426666666666666,248266,343,696,407,4,"['Pou4f1', 'Zic4', 'Hoxb3', 'Zic1']",0.0250401571393013
249 NTS Aldh1a2 Glut,167,0.8213552361396305,0.4790419161676646,1.0,249545,0,87,80,3,"['Aldh1a2', 'Gm12688', 'Hoxb5']",0.2413279563188552
250 CBN Neurod2 Pvalb Glut,161,0.3633217993079584,0.1304347826086956,0.65625,249540,11,140,21,5,"['Gm43154', 'Cyp11a1', 'Kcng4', 'Esrrb', 'Gm2694']",0.1376514881849289
251 NTS Dbh Glut,1135,0.7776657423745903,0.5436123348017621,0.8714689265536724,248486,91,518,617,2,"['Dbh', 'Phox2b']",0.5860465168952942
252 DMX VII Tbx20 Chol,255,0.8650519031141868,0.5882352941176471,0.9803921568627452,249454,3,105,150,2,"['Tbx20', 'Adgre1']",0.4573736190795898
253 IO Fgl2 Glut,50,0.9343434343434344,0.74,1.0,249662,0,13,37,2,"['Foxd3', 'C1ql1']",0.1985307186841964
254 VCO Mafa Meis2 Glut,396,0.7366071428571429,0.4166666666666667,0.9116022099447514,249300,16,231,165,2,"['Ttr', 'Rarb']",0.1101599857211113
255 SPVO Mafa Meis2 Glut,86,0.8333333333333334,0.5232558139534884,0.9782608695652174,249625,1,41,45,2,"['Cryaa', 'Fn1']",0.6459593772888184
256 SPVC Mafa Glut,440,0.653225806451613,0.3681818181818181,0.81,249234,38,278,162,3,"['Prrxl1', 'Sntb1', 'Hoxb5']",0.0682644620537757
257 SPVC Ccdc172 Glut,378,0.7867360208062419,0.6402116402116402,0.8344827586206897,249286,48,136,242,2,"['Ccdc172', 'Hoxb5']",0.5200203657150269
258 SPVC Nmu Glut,340,0.8201892744479495,0.611764705882353,0.896551724137931,249348,24,132,208,2,"['Nmu', 'Hoxb5']",0.5216225981712341
259 MDRNd Bves Glut,127,0.6666666666666667,0.4566929133858268,0.7532467532467533,249566,19,69,58,2,"['Prdm16', 'Hoxb5']",0.0495208650827407
260 MDRNv Crp Glut,109,0.8000000000000002,0.4770642201834862,0.9629629629629628,249601,2,57,52,2,"['Lhx4', 'Hoxb5']",0.1252995580434799
261 HB Calcb Chol,197,0.7563850687622791,0.3908629441624365,0.9871794871794872,249514,1,120,77,2,"['Calcb', 'Gm20658']",1.0
262 Pineal Crx Glut,50,0.9782608695652176,0.9,1.0,249662,0,5,45,3,"['Pde6g', 'Gnb3', 'Gm44196']",1.0
263 CS-RPO Meis2 Gaba,1032,0.5145719489981785,0.2189922480620155,0.7766323024054983,248615,65,806,226,4,"['Otp', 'Bhlhe22', 'G630016G05Rik', 'Rgma']",0.0215765945613384
264 PRNc Otp Gly-Gaba,1292,0.5474370503597121,0.3769349845201238,0.6172370088719898,248118,302,805,487,4,"['Otp', 'En1', 'Slc6a5', 'G630016G05Rik']",0.0280765946954488
265 PB Sst Gly-Gaba,187,0.4767184035476718,0.2299465240641711,0.6515151515151515,249502,23,144,43,4,"['Skor1', 'Tacr3', 'Col23a1', 'Slc30a3']",0.0671946182847023
266 PRNc Prox1 Brs3 Gly-Gaba,50,0.7333333333333334,0.44,0.88,249659,3,28,22,3,"['Brs3', 'Otp', 'Slc30a3']",0.046338502317667
267 CS-PRNr-PCG Tmem163 Otp Gaba,769,0.4205318491032777,0.176853055916775,0.6415094339622641,248867,76,633,136,4,"['Crnde', 'Otp', 'Lhx1os', 'Prlr']",0.0293328985571861
268 CS-PRNr-DR En1 Sox2 Gaba,772,0.56072695035461,0.327720207253886,0.6819407008086253,248822,118,519,253,4,"['Gm47757', 'Irx3', 'En1', 'Tal1']",0.053042896091938
269 LDT Fgf7 Gaba,150,0.6527093596059115,0.3533333333333333,0.828125,249551,11,97,53,3,"['Pi15', 'B020031H02Rik', 'Slc30a3']",0.5749220848083496
270 LDT-DTN Gata3 Nfix Gaba,419,0.5673382820784729,0.2553699284009546,0.816793893129771,249269,24,312,107,4,"['Lrrc38', 'B020031H02Rik', 'Plod2', 'Slc30a3']",0.2923026382923126
271 NI-RPO Gata3 Nr4a2 Gaba,750,0.4742612011439466,0.2653333333333333,0.5905044510385756,248824,138,551,199,3,"['Slc17a8', 'Gata2', 'Tal1']",0.0972787886857986
272 LDT-PCG-CS Gata3 Lhx1 Gaba,654,0.4543245869776482,0.2859327217125382,0.5327635327635327,248894,164,467,187,3,"['Crhbp', 'Gm38505', 'Gata3']",0.0396582931280136
273 PDTg-PCG Pax6 Gaba,450,0.7394843962008142,0.4844444444444444,0.8515625,249224,38,232,218,3,"['Irx3', 'Pax6', 'Gata3']",0.0504940226674079
274 PDTg Otp Shroom3 Gaba,100,0.8098591549295776,0.46,1.0,249612,0,54,46,3,"['Ltbp1', 'Pou3f1', 'Otp']",0.0536071509122848
275 PDTg Otp Olig3 Gaba,150,0.8807829181494662,0.66,0.9611650485436892,249558,4,51,99,2,"['Olig3', 'Cyp26b1']",0.5837264060974121
276 LDT-PCG St18 Gaba,590,0.5062166962699822,0.1932203389830508,0.8507462686567164,249102,20,476,114,3,"['St18', 'Otp', 'Penk']",0.042643804103136
277 DTN-LDT-IPN Otp Pax3 Gaba,1213,0.6794550017927573,0.3124484748557296,0.9619289340101524,248484,15,834,379,2,"['Vmn1r207-ps', 'Pax7']",0.5447770953178406
278 NLL Gata3 Gly-Gaba,297,0.3403565640194489,0.1414141414141414,0.525,249377,38,255,42,2,"['A330015K06Rik', 'Hexb']",0.0626816228032112
279 PSV Pax2 Gly-Gaba,43,0.6504065040650407,0.3720930232558139,0.8,249665,4,27,16,2,"['Hexb', 'Pax2']",0.0452450066804885
280 NLL-po Pax7 Gaba,17,0.6060606060606061,0.2352941176470588,1.0,249695,0,13,4,2,"['Gm46124', 'Rubcnl']",0.7894831299781799
281 POR Gata3 Gly-Gaba,50,0.7203389830508474,0.34,1.0,249662,0,33,17,3,"['Dkk1', 'Ndnf', 'Gpr88']",0.0990843251347541
282 POR Spp1 Gly-Gaba,22,0.853658536585366,0.6363636363636364,0.9333333333333332,249689,1,8,14,2,"['Gm15543', 'Cox8b']",0.7714559435844421
283 PRP Otp Gly-Gaba,1402,0.6233766233766234,0.3423680456490727,0.7843137254901961,248178,132,922,480,3,"['Pax8', 'Otp', 'Hoxd3']",0.0422287285327911
284 GRN-IRN-MDRNd Ikzf1 Gly-Gaba,121,0.8823529411764706,0.6198347107438017,0.986842105263158,249590,1,46,75,2,"['Ikzf1', 'Prrxl1']",0.1395026296377182
285 MY Lhx1 Gly-Gaba,2158,0.4641555285540705,0.3540315106580167,0.5032938076416338,246800,754,1394,764,4,"['Slc6a5', 'Lamp5', 'Lhx1', 'Slc30a3']",0.0175165869295597
286 PPY-PGRNl Vip Glyc-Gaba,136,0.6156716417910447,0.2426470588235294,1.0,249576,0,103,33,3,"['Vip', 'Gbx2', 'Coch']",0.0751957297325134
287 MV-SPIV-PRP Dmbx1 Gly-Gaba,590,0.5998389694041868,0.2525423728813559,0.9141104294478528,249108,14,441,149,3,"['Dmbx1', 'Skor1', 'Tfap2b']",0.0845821574330329
288 MDRN Hoxb5 Ebf2 Gly-Gaba,259,0.7083906464924347,0.3976833976833976,0.8803418803418803,249439,14,156,103,3,"['Pax8', 'Irx3', 'Hoxb5']",0.0548607558012008
289 MDRNd Prox1 Pax6 Gly-Gaba,138,0.6818181818181818,0.3260869565217391,0.9375,249571,3,93,45,3,"['Sp8', 'Pax6', 'Hoxc4']",0.0493074618279933
290 MY Prox1 Lmo7 Gly-Gaba,253,0.4679376083188908,0.2134387351778656,0.6666666666666666,249432,27,199,54,4,"['Cyp26b1', 'Skor1', 'Pax2', 'Lamp5']",0.0724145546555519
291 NTS-MDRNd Prox1 Zic1 Gly-Gaba,300,0.5425824175824175,0.2633333333333333,0.7383177570093458,249384,28,221,79,3,"['Tfap2a', 'Adamts18', 'Hoxa5']",0.1061021164059639
292 MV Nkx6-1 Gly-Gaba,377,0.7788018433179722,0.4482758620689655,0.9548022598870056,249327,8,208,169,3,"['Npsr1', 'Nkx6-1', 'Dach2']",0.0876686871051788
293 PAS-MV Ebf2 Gly-Gaba,688,0.5747663551401869,0.3575581395348837,0.6776859504132231,248907,117,442,246,4,"['Skor1', 'Slc6a5', 'Bhlhe22', 'Ebf2']",0.0285454727709293
294 MV Pax6 Gly-Gaba,299,0.6393001345895021,0.3177257525083612,0.8558558558558559,249397,16,204,95,4,"['Grin2c', 'Pax2', 'Pvalb', 'Irx2']",0.0354831144213676
295 CBN Dmbx1 Gaba,100,0.8256880733944953,0.72,0.8571428571428571,249600,12,28,72,2,"['Dmbx1', 'Ramp3']",0.1612094342708587
296 RPA Pax6 Hoxb5 Gly-Gaba,275,0.5698234349919743,0.2581818181818182,0.8160919540229885,249421,16,204,71,3,"['Cdh23', 'Sox1', 'Hoxb3']",0.0308334287256002
297 CU-ECU Pax2 Gly-Gaba,15,0.9701492537313434,0.8666666666666667,1.0,249697,0,2,13,3,"['Cdh23', 'Grid2ip', 'B230323A14Rik']",0.1479313671588897
298 PRP Gata3 Slc6a5 Gly-Gaba,285,0.6942277691107644,0.312280701754386,1.0,249427,0,196,89,3,"['2600014E21Rik', 'Gata3', 'Hoxb3']",0.0325958989560604
299 MARN-PPY Ngfr Gly-Gaba,28,0.8695652173913042,0.5714285714285714,1.0,249684,0,12,16,3,"['Nxph2', 'Ngfr', 'Sall1']",0.289578229188919
300 PARN-MDRNd-NTS Gbx2 Gly-Gaba,2042,0.4987385988744421,0.5034280117531832,0.4975798644724105,246632,1038,1014,1028,3,"['Gbx2', 'Pax2', 'Hoxd3']",0.0436004064977169
301 MV Nr4a2 Gly-Gaba,35,0.6593406593406593,0.3428571428571428,0.8571428571428571,249675,2,23,12,3,"['Gm30624', 'Slc18a2', 'Lamp5']",0.1276481598615646
302 MV Xdh Gly-Gaba,48,0.8214285714285714,0.4791666666666667,1.0,249664,0,25,23,3,"['Xdh', 'Lpl', 'Gbx2']",0.1432833820581436
303 IRN Dmbx1 Pax2 Gly-Gaba,174,0.6231884057971014,0.4942528735632184,0.6666666666666666,249495,43,88,86,3,"['Dmbx1', 'Pax2', 'Hoxb3']",0.0438027642667293
304 NTS-PARN Neurod2 Gly-Gaba,2249,0.5474503265249409,0.3503779457536683,0.6370250606305577,247014,449,1461,788,3,"['Arhgap15', 'Hoxc4', 'Slc6a5']",0.0418158285319805
305 SPVI-SPVC Sall3 Nfib Gly-Gaba,1077,0.5706433882961526,0.3277623026926648,0.7003968253968254,248484,151,724,353,3,"['Cdh3', 'Shisa8', 'Lamp5']",0.2680624425411224
306 SPVI-SPVC Sall3 Lhx1 Gly-Gaba,975,0.7137112987535184,0.3641025641025641,0.9391534391534392,248714,23,620,355,3,"['Frzb', 'Gbx1', 'Sall3']",0.243064597249031
307 RO-RPA Pkd2l1 Gaba,150,0.9126984126984128,0.7666666666666667,0.9583333333333334,249557,5,35,115,2,"['Pkd2l1', 'Glp1r']",0.7063206434249878
308 DCO Il22 Gly-Gaba,474,0.5344827586206896,0.1962025316455696,0.9393939393939394,249232,6,381,93,3,"['Fam107b', 'Pvalb', 'Bhlhe22']",0.0369220934808254
309 CB PLI Gly-Gaba,425,0.5637513171759748,0.2517647058823529,0.816793893129771,249263,24,318,107,2,"['Inhba', 'Tfap2b']",0.0537258684635162
310 CBX Golgi Gly-Gaba,100,0.8734939759036144,0.58,1.0,249612,0,42,58,2,"['Scrg1', 'Grm2']",0.1071626022458076
311 CBX MLI Megf11 Gaba,200,0.6644144144144144,0.295,0.9672131147540984,249510,2,141,59,2,"['Gldc', 'Pvalb']",0.0616708621382713
312 CBX MLI Cdh22 Gaba,50,0.5508474576271186,0.26,0.7647058823529411,249658,4,37,13,2,"['Gm45459', 'Afap1l2']",0.5749132633209229
313 CBX Purkinje Gaba,164,0.99375,0.9695121951219512,1.0,249548,0,5,159,2,"['Pcp2', 'Arhgef33']",0.7564737796783447
314 CB Granule Glut,250,0.849462365591398,0.632,0.9294117647058824,249450,12,92,158,2,"['Gabra6', 'Cbln3']",1.0
315 DCO UBC Glut,200,0.8749999999999999,0.63,0.9692307692307692,249508,4,74,126,2,"['Sln', 'Fat2']",0.4985689520835876
316 Bergmann NN,50,0.8908045977011495,0.62,1.0,249662,0,19,31,2,"['Gdf10', 'Dao']",0.7400333881378174
317 Astro-CB NN,50,0.6849315068493151,0.4,0.8333333333333334,249658,4,30,20,3,"['Hsd11b1', 'Cyp26b1', 'Mlc1']",0.1981207877397537
318 Astro-NT NN,468,0.6994047619047619,0.5021367521367521,0.7755775577557755,249176,68,233,235,3,"['Agt', 'Aldh1a1', 'Mlc1']",0.2189251780509948
319 Astro-TE NN,610,0.5809334657398212,0.3836065573770492,0.6666666666666666,248985,117,376,234,3,"['Mfge8', 'Htra1', 'Fam107a']",0.0850466415286064
320 Astro-OLF NN,300,0.6818181818181819,0.36,0.8780487804878049,249397,15,192,108,2,"['Islr', 'Gldc']",0.2509412467479706
321 Astroependymal NN,300,0.5646929824561404,0.3433333333333333,0.673202614379085,249362,50,197,103,3,"['Slc7a11', 'Sned1', 'Mlc1']",0.1179135888814926
322 Tanycyte NN,365,0.7775683317624881,0.4520547945205479,0.9482758620689656,249338,9,200,165,2,"['Gpr50', 'S100a6']",0.3703001737594604
323 Ependymal NN,562,0.9769463340891912,0.9199288256227758,0.9923224568138196,249146,4,45,517,2,"['Ccdc153', 'Tmem212']",0.6300841569900513
324 Hypendymal NN,50,0.8980582524271844,0.74,0.9487179487179488,249660,2,13,37,2,"['Spp2', 'Mlc1']",0.5517004132270813
325 CHOR NN,100,0.9857723577235772,0.97,0.9897959183673468,249611,1,3,97,1,['2900040C04Rik'],1.0
326 OPC NN,300,0.9503154574132492,0.8033333333333333,0.9958677685950412,249411,1,59,241,2,"['Gpr17', 'Pdgfra']",0.4653082489967346
327 Oligo NN,815,0.923527597903176,0.7349693251533742,0.9868204283360792,248889,8,216,599,2,"['Fa2h', 'Cldn11']",0.5732693672180176
328 OEC NN,200,0.9126984126984128,0.69,0.9928057553956836,249511,1,62,138,2,"['Frzb', 'Apod']",0.4295815825462341
329 ABC NN,150,0.9365079365079364,0.7866666666666666,0.9833333333333332,249560,2,32,118,1,['Prg4'],1.0
330 VLMC NN,400,0.8556547619047619,0.575,0.9745762711864406,249306,6,170,230,2,"['Slc6a13', 'Foxc1']",0.6082026958465576
331 Peri NN,100,0.8235294117647058,0.56,0.9333333333333332,249608,4,44,56,2,"['Abcc9', 'Higd1b']",0.7892104387283325
332 SMC NN,150,0.9485530546623794,0.7866666666666666,1.0,249562,0,32,118,2,"['Myh11', 'Acta2']",1.0
333 Endo NN,150,0.9818941504178272,0.94,0.9929577464788732,249561,1,9,141,2,"['Ly6c1', 'Flt1']",0.8645975589752197
334 Microglia NN,50,0.9684684684684686,0.86,1.0,249662,0,7,43,2,"['Tmem119', 'Cx3cr1']",0.5766979455947876
335 BAM NN,100,0.9829059829059832,0.92,1.0,249612,0,8,92,2,"['F13a1', 'Pf4']",1.0
336 Monocytes NN,33,0.9090909090909092,0.6666666666666666,1.0,249679,0,11,22,1,['S100a8'],1.0
337 DC NN,130,0.9726688102893892,0.9307692307692308,0.983739837398374,249580,2,9,121,2,"['H2-Aa', 'Cd74']",1.0
338 Lymphoid NN,173,0.901386748844376,0.6763005780346821,0.9831932773109244,249537,2,56,117,1,['Gimap3'],1.0
