defined_class	Marker_set_of	Markers	Markers_label	Species_abbv	Brain_region	Parent	FBeta_confidence_score	Algorithm
http://purl.obolibrary.org/obo/PCL_0130861	IT-ET Glut	ensembl:ENSMUSG00000067879|ensembl:ENSMUSG00000049630	Vxn, C1ql3	Mouse	MBA:997	SO:0001260	0.7506463072144625	NSforest
http://purl.obolibrary.org/obo/PCL_0130862	NP-CT-L6b Glut	ensembl:ENSMUSG00000021743|ensembl:ENSMUSG00000046719	Fezf2, Nxph3	Mouse	MBA:997	SO:0001260	0.7316956604855669	NSforest
http://purl.obolibrary.org/obo/PCL_0130863	OB-CR Glut	ensembl:ENSMUSG00000021803	Cdhr1	Mouse	MBA:997	SO:0001260	0.7523510971786833	NSforest
http://purl.obolibrary.org/obo/PCL_0130864	DG-IMN Glut	ensembl:ENSMUSG00000045136|ensembl:ENSMUSG00000034701	Tubb2b, Neurod1	Mouse	MBA:997	SO:0001260	0.452724358974359	NSforest
http://purl.obolibrary.org/obo/PCL_0130865	OB-IMN GABA	ensembl:ENSMUSG00000027210	Meis2	Mouse	MBA:997	SO:0001260	0.6859328105334496	NSforest
http://purl.obolibrary.org/obo/PCL_0130866	CTX-CGE GABA	ensembl:ENSMUSG00000032269|ensembl:ENSMUSG00000055435	Htr3a, Maf	Mouse	MBA:997	SO:0001260	0.6401190919240789	NSforest
http://purl.obolibrary.org/obo/PCL_0130867	CTX-MGE GABA	ensembl:ENSMUSG00000024990|ensembl:ENSMUSG00000026890	Rbp4, Lhx6	Mouse	MBA:997	SO:0001260	0.7199157171843297	NSforest
http://purl.obolibrary.org/obo/PCL_0130868	CNU-MGE GABA	ensembl:ENSMUSG00000096225|ensembl:ENSMUSG00000026890	Lhx8, Lhx6	Mouse	MBA:997	SO:0001260	0.6009280742459397	NSforest
http://purl.obolibrary.org/obo/PCL_0130869	CNU-LGE GABA	ensembl:ENSMUSG00000017491|ensembl:ENSMUSG00000038805	Rarb, Six3	Mouse	MBA:997	SO:0001260	0.7388880403238125	NSforest
http://purl.obolibrary.org/obo/PCL_0130870	LSX GABA	ensembl:ENSMUSG00000039410|ensembl:ENSMUSG00000078137	Prdm16, Ankrd63	Mouse	MBA:997	SO:0001260	0.7893202468296002	NSforest
http://purl.obolibrary.org/obo/PCL_0130871	CNU-HYa GABA	ensembl:ENSMUSG00000032511|ensembl:ENSMUSG00000035277	Scn5a, Arx	Mouse	MBA:997	SO:0001260	0.4769901551450536	NSforest
http://purl.obolibrary.org/obo/PCL_0130872	HY GABA	ensembl:ENSMUSG00000040856|ensembl:ENSMUSG00000041911	Dlk1, Dlx1	Mouse	MBA:997	SO:0001260	0.4613111327350705	NSforest
http://purl.obolibrary.org/obo/PCL_0130873	CNU-HYa Glut	ensembl:ENSMUSG00000035033|ensembl:ENSMUSG00000003657	Tbr1, Calb2	Mouse	MBA:997	SO:0001260	0.5795163113917767	NSforest
http://purl.obolibrary.org/obo/PCL_0130874	HY Glut	ensembl:ENSMUSG00000029361|ensembl:ENSMUSG00000005268|ensembl:ENSMUSG00000024256	Nos1, Prlr, Adcyap1	Mouse	MBA:997	SO:0001260	0.2878894418000866	NSforest
http://purl.obolibrary.org/obo/PCL_0130875	HY Gnrh1 Glut	ensembl:ENSMUSG00000015812	Gnrh1	Mouse	MBA:997	SO:0001260	0.9917355371900828	NSforest
http://purl.obolibrary.org/obo/PCL_0130876	HY MM Glut	ensembl:ENSMUSG00000097623|ensembl:ENSMUSG00000075334	B230323A14Rik, Rprm	Mouse	MBA:997	SO:0001260	0.7361963190184049	NSforest
http://purl.obolibrary.org/obo/PCL_0130877	MH-LH Glut	ensembl:ENSMUSG00000095845	Gm5741	Mouse	MBA:997	SO:0001260	0.822267620020429	NSforest
http://purl.obolibrary.org/obo/PCL_0130878	TH Glut	ensembl:ENSMUSG00000050315|ensembl:ENSMUSG00000027833	Synpo2, Shox2	Mouse	MBA:997	SO:0001260	0.8483772819472617	NSforest
http://purl.obolibrary.org/obo/PCL_0130879	MB Glut	ensembl:ENSMUSG00000027833|ensembl:ENSMUSG00000019230	Shox2, Lhx9	Mouse	MBA:997	SO:0001260	0.7321603458174328	NSforest
http://purl.obolibrary.org/obo/PCL_0130880	MB GABA	ensembl:ENSMUSG00000015619|ensembl:ENSMUSG00000087211	Gata3, Lhx1os	Mouse	MBA:997	SO:0001260	0.7853855376642128	NSforest
http://purl.obolibrary.org/obo/PCL_0130881	MB Dopa	ensembl:ENSMUSG00000021609|ensembl:ENSMUSG00000031492	Slc6a3, Chrnb3	Mouse	MBA:997	SO:0001260	0.8419298524043803	NSforest
http://purl.obolibrary.org/obo/PCL_0130882	MB-HB Sero	ensembl:ENSMUSG00000055197|ensembl:ENSMUSG00000015053	Fev, Gata2	Mouse	MBA:997	SO:0001260	0.8926261319534282	NSforest
http://purl.obolibrary.org/obo/PCL_0130883	P Glut	ensembl:ENSMUSG00000024256|ensembl:ENSMUSG00000040258|ensembl:ENSMUSG00000097452|ensembl:ENSMUSG00000000263	Adcyap1, Nxph4, Gm2824, Glra1	Mouse	MBA:997	SO:0001260	0.2742218179397865	NSforest
http://purl.obolibrary.org/obo/PCL_0130884	MY Glut	ensembl:ENSMUSG00000038700	Hoxb5	Mouse	MBA:997	SO:0001260	0.5357973766615943	NSforest
http://purl.obolibrary.org/obo/PCL_0130885	pinealocyte	ensembl:ENSMUSG00000023439|ensembl:ENSMUSG00000025386|ensembl:ENSMUSG00000107614	Gnb3, Pde6g, Gm44196	Mouse	MBA:997	SO:0001260	0.9782608695652176	NSforest
http://purl.obolibrary.org/obo/PCL_0130886	P GABA	ensembl:ENSMUSG00000021685|ensembl:ENSMUSG00000029151	Otp, Slc30a3	Mouse	MBA:997	SO:0001260	0.5047222944285592	NSforest
http://purl.obolibrary.org/obo/PCL_0130887	MY GABA	ensembl:ENSMUSG00000027270|ensembl:ENSMUSG00000048763	Lamp5, Hoxb3	Mouse	MBA:997	SO:0001260	0.7366785485787405	NSforest
http://purl.obolibrary.org/obo/PCL_0130888	CB GABA	ensembl:ENSMUSG00000021359|ensembl:ENSMUSG00000005716	Tfap2a, Pvalb	Mouse	MBA:997	SO:0001260	0.628809752967597	NSforest
http://purl.obolibrary.org/obo/PCL_0130889	CB Glut	ensembl:ENSMUSG00000020428	Gabra6	Mouse	MBA:997	SO:0001260	0.7043235704323569	NSforest
http://purl.obolibrary.org/obo/PCL_0130890	Astro-Epen	ensembl:ENSMUSG00000035805|ensembl:ENSMUSG00000031762	Mlc1, Mt2	Mouse	MBA:997	SO:0001260	0.8917105893627215	NSforest
http://purl.obolibrary.org/obo/PCL_0130891	OPC-Oligo	ensembl:ENSMUSG00000046160|ensembl:ENSMUSG00000031775	Olig1, Pllp	Mouse	MBA:997	SO:0001260	0.8972485999513027	NSforest
http://purl.obolibrary.org/obo/PCL_0130892	OEC	ensembl:ENSMUSG00000110028	Gm34838	Mouse	MBA:997	SO:0001260	0.8990147783251231	NSforest
http://purl.obolibrary.org/obo/PCL_0130893	Vascular	ensembl:ENSMUSG00000050295	Foxc1	Mouse	MBA:997	SO:0001260	0.8878741755454084	NSforest
http://purl.obolibrary.org/obo/PCL_0130894	Immune	ensembl:ENSMUSG00000028581|ensembl:ENSMUSG00000084796	Laptm5, Mir142hg	Mouse	MBA:997	SO:0001260	0.9365634365634364	NSforest
http://purl.obolibrary.org/obo/PCL_0130921	CLA-EPd-CTX Car3 Glut	ensembl:ENSMUSG00000027559|ensembl:ENSMUSG00000029101	Car3, Rgs12	Mouse	MBA:997	SO:0001260	0.6495468277945619	NSforest
http://purl.obolibrary.org/obo/PCL_0130922	IT EP-CLA Glut	ensembl:ENSMUSG00000043659|ensembl:ENSMUSG00000098097|ensembl:ENSMUSG00000067879	Npsr1, 6530403H02Rik, Vxn	Mouse	MBA:997	SO:0001260	0.6089438629876307	NSforest
http://purl.obolibrary.org/obo/PCL_0130923	L5/6 IT TPE-ENT Glut	ensembl:ENSMUSG00000022382|ensembl:ENSMUSG00000004151|ensembl:ENSMUSG00000049630|ensembl:ENSMUSG00000097248	Wnt7b, Etv1, C1ql3, Gm2694	Mouse	MBA:997	SO:0001260	0.4447565543071161	NSforest
http://purl.obolibrary.org/obo/PCL_0130924	L6 IT CTX Glut	ensembl:ENSMUSG00000023046|ensembl:ENSMUSG00000032060|ensembl:ENSMUSG00000049630	Igfbp6, Cryab, C1ql3	Mouse	MBA:997	SO:0001260	0.5601343101343101	NSforest
http://purl.obolibrary.org/obo/PCL_0130925	L5 IT CTX Glut	ensembl:ENSMUSG00000030792|ensembl:ENSMUSG00000076498|ensembl:ENSMUSG00000046321	Dkkl1, Trbc2, Hs3st2	Mouse	MBA:997	SO:0001260	0.3495007132667617	NSforest
http://purl.obolibrary.org/obo/PCL_0130926	L4/5 IT CTX Glut	ensembl:ENSMUSG00000084890|ensembl:ENSMUSG00000016763|ensembl:ENSMUSG00000038331	A830036E02Rik, Scube1, Satb2	Mouse	MBA:997	SO:0001260	0.5541082164328658	NSforest
http://purl.obolibrary.org/obo/PCL_0130927	L2/3 IT CTX Glut	ensembl:ENSMUSG00000031216|ensembl:ENSMUSG00000046318|ensembl:ENSMUSG00000087022	Stard8, Ccbe1, 9130024F11Rik	Mouse	MBA:997	SO:0001260	0.4414784394250514	NSforest
http://purl.obolibrary.org/obo/PCL_0130928	L2/3 IT ENT Glut	ensembl:ENSMUSG00000117222|ensembl:ENSMUSG00000005087|ensembl:ENSMUSG00000051920	Gm49906, Cd44, Rspo2	Mouse	MBA:997	SO:0001260	0.57757644394111	NSforest
http://purl.obolibrary.org/obo/PCL_0130929	L2/3 IT PIR-ENTl Glut	ensembl:ENSMUSG00000035357|ensembl:ENSMUSG00000070570|ensembl:ENSMUSG00000033060	Pdzrn3, Slc17a7, Lmo7	Mouse	MBA:997	SO:0001260	0.4580674567000912	NSforest
http://purl.obolibrary.org/obo/PCL_0130930	IT AON-TT-DP Glut	ensembl:ENSMUSG00000035258|ensembl:ENSMUSG00000052430	Abi3bp, Bmpr1b	Mouse	MBA:997	SO:0001260	0.5241935483870968	NSforest
http://purl.obolibrary.org/obo/PCL_0130931	L2 IT ENT-po Glut	ensembl:ENSMUSG00000051920|ensembl:ENSMUSG00000033063|ensembl:ENSMUSG00000027985|ensembl:ENSMUSG00000067578	Rspo2, Cntnap3, Lef1, Cbln4	Mouse	MBA:997	SO:0001260	0.6783536585365855	NSforest
http://purl.obolibrary.org/obo/PCL_0130932	MEA Slc17a7 Glut	ensembl:ENSMUSG00000038760|ensembl:ENSMUSG00000032373|ensembl:ENSMUSG00000025128	Trhr, Car12, Bhlhe22	Mouse	MBA:997	SO:0001260	0.4051333668847509	NSforest
http://purl.obolibrary.org/obo/PCL_0130933	COAp Grxcr2 Glut	ensembl:ENSMUSG00000005892|ensembl:ENSMUSG00000020912	Trh, Krt12	Mouse	MBA:997	SO:0001260	0.5855263157894737	NSforest
http://purl.obolibrary.org/obo/PCL_0130934	LA-BLA-BMA-PA Glut	ensembl:ENSMUSG00000021743|ensembl:ENSMUSG00000049630|ensembl:ENSMUSG00000100005	Fezf2, C1ql3, B130024G19Rik	Mouse	MBA:997	SO:0001260	0.5802404600104549	NSforest
http://purl.obolibrary.org/obo/PCL_0130935	ENTmv-PA-COAp Glut	ensembl:ENSMUSG00000075707|ensembl:ENSMUSG00000041828|ensembl:ENSMUSG00000019929	Dio3, Abca8a, Dcn	Mouse	MBA:997	SO:0001260	0.5326295585412668	NSforest
http://purl.obolibrary.org/obo/PCL_0130936	CA1-ProS Glut	ensembl:ENSMUSG00000026841|ensembl:ENSMUSG00000067879	Fibcd1, Vxn	Mouse	MBA:997	SO:0001260	0.5516637478108581	NSforest
http://purl.obolibrary.org/obo/PCL_0130937	CA3 Glut	ensembl:ENSMUSG00000026065|ensembl:ENSMUSG00000028004|ensembl:ENSMUSG00000023886	Slc9a4, Npy2r, Smoc2	Mouse	MBA:997	SO:0001260	0.7135728542914171	NSforest
http://purl.obolibrary.org/obo/PCL_0130938	L2 IT PPP-APr Glut	ensembl:ENSMUSG00000109372|ensembl:ENSMUSG00000069372	Gm19410, Ctxn3	Mouse	MBA:997	SO:0001260	0.6108897742363878	NSforest
http://purl.obolibrary.org/obo/PCL_0130939	L2/3 IT PPP Glut	ensembl:ENSMUSG00000039474|ensembl:ENSMUSG00000032532	Wfs1, Cck	Mouse	MBA:997	SO:0001260	0.5541455160744501	NSforest
http://purl.obolibrary.org/obo/PCL_0130940	L2/3 IT RSP Glut	ensembl:ENSMUSG00000005148|ensembl:ENSMUSG00000021508|ensembl:ENSMUSG00000032532	Klf5, Cxcl14, Cck	Mouse	MBA:997	SO:0001260	0.4780876494023904	NSforest
http://purl.obolibrary.org/obo/PCL_0130941	L4 RSP-ACA Glut	ensembl:ENSMUSG00000074695|ensembl:ENSMUSG00000023484	Il22, Prph	Mouse	MBA:997	SO:0001260	0.7857142857142856	NSforest
http://purl.obolibrary.org/obo/PCL_0130942	L5 ET CTX Glut	ensembl:ENSMUSG00000109372|ensembl:ENSMUSG00000021743	Gm19410, Fezf2	Mouse	MBA:997	SO:0001260	0.6818936877076412	NSforest
http://purl.obolibrary.org/obo/PCL_0130943	SUB-ProS Glut	ensembl:ENSMUSG00000026193|ensembl:ENSMUSG00000098760	Fn1, Gm2164	Mouse	MBA:997	SO:0001260	0.6483715319662243	NSforest
http://purl.obolibrary.org/obo/PCL_0130944	L5 PPP Glut	ensembl:ENSMUSG00000056078|ensembl:ENSMUSG00000022309	Lipm, Angpt1	Mouse	MBA:997	SO:0001260	0.7377049180327868	NSforest
http://purl.obolibrary.org/obo/PCL_0130945	CA2-FC-IG Glut	ensembl:ENSMUSG00000086804|ensembl:ENSMUSG00000052087	Gm43154, Rgs14	Mouse	MBA:997	SO:0001260	0.6451612903225807	NSforest
http://purl.obolibrary.org/obo/PCL_0130946	NLOT Rho Glut	ensembl:ENSMUSG00000063415|ensembl:ENSMUSG00000045532|ensembl:ENSMUSG00000049630	Cyp26b1, C1ql1, C1ql3	Mouse	MBA:997	SO:0001260	0.8734939759036144	NSforest
http://purl.obolibrary.org/obo/PCL_0130947	L6b EPd Glut	ensembl:ENSMUSG00000019997|ensembl:ENSMUSG00000098097|ensembl:ENSMUSG00000021743	Ccn2, 6530403H02Rik, Fezf2	Mouse	MBA:997	SO:0001260	0.589960886571056	NSforest
http://purl.obolibrary.org/obo/PCL_0130948	L6b/CT ENT Glut	ensembl:ENSMUSG00000034903|ensembl:ENSMUSG00000046719	Cobll1, Nxph3	Mouse	MBA:997	SO:0001260	0.5522629310344828	NSforest
http://purl.obolibrary.org/obo/PCL_0130949	L6b CTX Glut	ensembl:ENSMUSG00000023959|ensembl:ENSMUSG00000039714	Clic5, Cplx3	Mouse	MBA:997	SO:0001260	0.6973684210526317	NSforest
http://purl.obolibrary.org/obo/PCL_0130950	L6 CT CTX Glut	ensembl:ENSMUSG00000076498|ensembl:ENSMUSG00000067879	Trbc2, Vxn	Mouse	MBA:997	SO:0001260	0.6224627875507442	NSforest
http://purl.obolibrary.org/obo/PCL_0130951	CT SUB Glut	ensembl:ENSMUSG00000051920|ensembl:ENSMUSG00000060429|ensembl:ENSMUSG00000067879	Rspo2, Sntb1, Vxn	Mouse	MBA:997	SO:0001260	0.5434782608695651	NSforest
http://purl.obolibrary.org/obo/PCL_0130952	L5 NP CTX Glut	ensembl:ENSMUSG00000061086|ensembl:ENSMUSG00000046719	Myl4, Nxph3	Mouse	MBA:997	SO:0001260	0.6479481641468682	NSforest
http://purl.obolibrary.org/obo/PCL_0130953	NP SUB Glut	ensembl:ENSMUSG00000060429|ensembl:ENSMUSG00000046719	Sntb1, Nxph3	Mouse	MBA:997	SO:0001260	0.6578947368421052	NSforest
http://purl.obolibrary.org/obo/PCL_0130954	NP PPP Glut	ensembl:ENSMUSG00000034009|ensembl:ENSMUSG00000023484|ensembl:ENSMUSG00000046719	Rxfp1, Prph, Nxph3	Mouse	MBA:997	SO:0001260	0.5307262569832403	NSforest
http://purl.obolibrary.org/obo/PCL_0130955	OB Eomes Ms4a15 Glut	ensembl:ENSMUSG00000021803	Cdhr1	Mouse	MBA:997	SO:0001260	0.8340573414422241	NSforest
http://purl.obolibrary.org/obo/PCL_0130956	HPF CR Glut	ensembl:ENSMUSG00000029026	Trp73	Mouse	MBA:997	SO:0001260	0.7178841309823678	NSforest
http://purl.obolibrary.org/obo/PCL_0130957	DG Glut	ensembl:ENSMUSG00000036907|ensembl:ENSMUSG00000052942	C1ql2, Glis3	Mouse	MBA:997	SO:0001260	0.631911532385466	NSforest
http://purl.obolibrary.org/obo/PCL_0130958	DG-PIR Ex IMN	ensembl:ENSMUSG00000034701|ensembl:ENSMUSG00000045136	Neurod1, Tubb2b	Mouse	MBA:997	SO:0001260	0.5721003134796238	NSforest
http://purl.obolibrary.org/obo/PCL_0130959	OB Meis2 Thsd7b Gaba	ensembl:ENSMUSG00000029563|ensembl:ENSMUSG00000038370|ensembl:ENSMUSG00000027210	Foxp2, Pcp4l1, Meis2	Mouse	MBA:997	SO:0001260	0.5078125	NSforest
http://purl.obolibrary.org/obo/PCL_0130960	OB Trdn Gaba	ensembl:ENSMUSG00000041324|ensembl:ENSMUSG00000069372	Inhba, Ctxn3	Mouse	MBA:997	SO:0001260	0.8844765342960289	NSforest
http://purl.obolibrary.org/obo/PCL_0130961	OB-in Frmd7 Gaba	ensembl:ENSMUSG00000042501|ensembl:ENSMUSG00000027210	Cpa6, Meis2	Mouse	MBA:997	SO:0001260	0.6633435582822086	NSforest
http://purl.obolibrary.org/obo/PCL_0130962	OB-out Frmd7 Gaba	ensembl:ENSMUSG00000053965|ensembl:ENSMUSG00000025221	Pde5a, Kcnip2	Mouse	MBA:997	SO:0001260	0.6851549755301795	NSforest
http://purl.obolibrary.org/obo/PCL_0130963	OB-mi Frmd7 Gaba	ensembl:ENSMUSG00000007877|ensembl:ENSMUSG00000019772	Tcap, Vip	Mouse	MBA:997	SO:0001260	0.7591623036649214	NSforest
http://purl.obolibrary.org/obo/PCL_0130964	OB Dopa-Gaba	ensembl:ENSMUSG00000020140	Lgr5	Mouse	MBA:997	SO:0001260	0.7464846980976013	NSforest
http://purl.obolibrary.org/obo/PCL_0130965	OB-STR-CTX Inh IMN	ensembl:ENSMUSG00000047139|ensembl:ENSMUSG00000027210	Cd24a, Meis2	Mouse	MBA:997	SO:0001260	0.6221937139191789	NSforest
http://purl.obolibrary.org/obo/PCL_0130966	Vip Gaba	ensembl:ENSMUSG00000019772|ensembl:ENSMUSG00000020122	Vip, Egfr	Mouse	MBA:997	SO:0001260	0.761166041595636	NSforest
http://purl.obolibrary.org/obo/PCL_0130967	Sncg Gaba	ensembl:ENSMUSG00000032269|ensembl:ENSMUSG00000024593	Htr3a, Megf10	Mouse	MBA:997	SO:0001260	0.5602134146341464	NSforest
http://purl.obolibrary.org/obo/PCL_0130968	RHP-COA Ndnf Gaba	ensembl:ENSMUSG00000032269|ensembl:ENSMUSG00000026141	Htr3a, Col19a1	Mouse	MBA:997	SO:0001260	0.5471246006389776	NSforest
http://purl.obolibrary.org/obo/PCL_0130969	Lamp5 Gaba	ensembl:ENSMUSG00000039714|ensembl:ENSMUSG00000005672	Cplx3, Kit	Mouse	MBA:997	SO:0001260	0.6757990867579908	NSforest
http://purl.obolibrary.org/obo/PCL_0130970	Lamp5 Lhx6 Gaba	ensembl:ENSMUSG00000026890|ensembl:ENSMUSG00000032060	Lhx6, Cryab	Mouse	MBA:997	SO:0001260	0.7692307692307693	NSforest
http://purl.obolibrary.org/obo/PCL_0130971	Pvalb chandelier Gaba	ensembl:ENSMUSG00000048776|ensembl:ENSMUSG00000020099	Pthlh, Unc5b	Mouse	MBA:997	SO:0001260	0.6944444444444444	NSforest
http://purl.obolibrary.org/obo/PCL_0130972	Pvalb Gaba	ensembl:ENSMUSG00000024990|ensembl:ENSMUSG00000061762	Rbp4, Tac1	Mouse	MBA:997	SO:0001260	0.6387578616352202	NSforest
http://purl.obolibrary.org/obo/PCL_0130973	Sst Gaba	ensembl:ENSMUSG00000074622|ensembl:ENSMUSG00000005148	Mafb, Klf5	Mouse	MBA:997	SO:0001260	0.6463001318019206	NSforest
http://purl.obolibrary.org/obo/PCL_0130974	STR Prox1 Lhx6 Gaba	ensembl:ENSMUSG00000031932|ensembl:ENSMUSG00000017493	Gpr83, Igfbp4	Mouse	MBA:997	SO:0001260	0.6902218570254725	NSforest
http://purl.obolibrary.org/obo/PCL_0130975	STR Lhx8 Gaba	ensembl:ENSMUSG00000000214|ensembl:ENSMUSG00000112343|ensembl:ENSMUSG00000096225|ensembl:ENSMUSG00000026890	Th, Sfta3-ps, Lhx8, Lhx6	Mouse	MBA:997	SO:0001260	0.6301939058171746	NSforest
http://purl.obolibrary.org/obo/PCL_0130976	Sst Chodl Gaba	ensembl:ENSMUSG00000031548|ensembl:ENSMUSG00000004366	Sfrp1, Sst	Mouse	MBA:997	SO:0001260	0.6899766899766899	NSforest
http://purl.obolibrary.org/obo/PCL_0130977	NDB-SI-MA-STRv Lhx8 Gaba	ensembl:ENSMUSG00000067724|ensembl:ENSMUSG00000051910	Gbx1, Sox6	Mouse	MBA:997	SO:0001260	0.7508845498624034	NSforest
http://purl.obolibrary.org/obo/PCL_0130978	PAL-STR Gaba-Chol	ensembl:ENSMUSG00000021919|ensembl:ENSMUSG00000096225	Chat, Lhx8	Mouse	MBA:997	SO:0001260	0.8251996450754215	NSforest
http://purl.obolibrary.org/obo/PCL_0130979	GPe-SI Sox6 Cyp26b1 Gaba	ensembl:ENSMUSG00000063415|ensembl:ENSMUSG00000051910|ensembl:ENSMUSG00000045573	Cyp26b1, Sox6, Penk	Mouse	MBA:997	SO:0001260	0.7446808510638298	NSforest
http://purl.obolibrary.org/obo/PCL_0130980	OT D3 Folh1 Gaba	ensembl:ENSMUSG00000022705|ensembl:ENSMUSG00000030069	Drd3, Prok2	Mouse	MBA:997	SO:0001260	0.59	NSforest
http://purl.obolibrary.org/obo/PCL_0130981	STR D1 Gaba	ensembl:ENSMUSG00000027400|ensembl:ENSMUSG00000017491	Pdyn, Rarb	Mouse	MBA:997	SO:0001260	0.7159353348729791	NSforest
http://purl.obolibrary.org/obo/PCL_0130982	STR D2 Gaba	ensembl:ENSMUSG00000020178|ensembl:ENSMUSG00000061718	Adora2a, Ppp1r1b	Mouse	MBA:997	SO:0001260	0.8310592904986357	NSforest
http://purl.obolibrary.org/obo/PCL_0130983	STR D1 Sema5a Gaba	ensembl:ENSMUSG00000113241|ensembl:ENSMUSG00000017491	Gm40663, Rarb	Mouse	MBA:997	SO:0001260	0.6079931972789115	NSforest
http://purl.obolibrary.org/obo/PCL_0130984	STR-PAL Chst9 Gaba	ensembl:ENSMUSG00000047161|ensembl:ENSMUSG00000038805	Chst9, Six3	Mouse	MBA:997	SO:0001260	0.4916753381893861	NSforest
http://purl.obolibrary.org/obo/PCL_0130985	IA Mgp Gaba	ensembl:ENSMUSG00000027568|ensembl:ENSMUSG00000063564|ensembl:ENSMUSG00000035277	Ntsr1, Col23a1, Arx	Mouse	MBA:997	SO:0001260	0.4222573007103393	NSforest
http://purl.obolibrary.org/obo/PCL_0130986	NDB-SI-ant Prdm12 Gaba	ensembl:ENSMUSG00000079466|ensembl:ENSMUSG00000027168|ensembl:ENSMUSG00000028883	Prdm12, Pax6, Sema3a	Mouse	MBA:997	SO:0001260	0.4575402635431919	NSforest
http://purl.obolibrary.org/obo/PCL_0130987	LSX Sall3 Pax6 Gaba	ensembl:ENSMUSG00000027168|ensembl:ENSMUSG00000032368|ensembl:ENSMUSG00000025089	Pax6, Zic1, Gfra1	Mouse	MBA:997	SO:0001260	0.6967615309126595	NSforest
http://purl.obolibrary.org/obo/PCL_0130988	LSX Otx2 Gaba	ensembl:ENSMUSG00000055653|ensembl:ENSMUSG00000098682	Gpc3, Otx2os1	Mouse	MBA:997	SO:0001260	0.4716981132075472	NSforest
http://purl.obolibrary.org/obo/PCL_0130989	LSX Nkx2-1 Gaba	ensembl:ENSMUSG00000030554|ensembl:ENSMUSG00000025885	Synm, Myo5b	Mouse	MBA:997	SO:0001260	0.468895078922934	NSforest
http://purl.obolibrary.org/obo/PCL_0130990	LSX Prdm12 Slit2 Gaba	ensembl:ENSMUSG00000079466|ensembl:ENSMUSG00000037242	Prdm12, Clic4	Mouse	MBA:997	SO:0001260	0.4662144187283852	NSforest
http://purl.obolibrary.org/obo/PCL_0130991	LSX Prdm12 Zeb2 Gaba	ensembl:ENSMUSG00000038115|ensembl:ENSMUSG00000022324	Ano2, Matn2	Mouse	MBA:997	SO:0001260	0.5444175596266851	NSforest
http://purl.obolibrary.org/obo/PCL_0130992	LSX Sall3 Lmo1 Gaba	ensembl:ENSMUSG00000024565|ensembl:ENSMUSG00000073910|ensembl:ENSMUSG00000021948	Sall3, Mob3b, Prkcd	Mouse	MBA:997	SO:0001260	0.5173775671406002	NSforest
http://purl.obolibrary.org/obo/PCL_0130993	MEA-BST Sox6 Gaba	ensembl:ENSMUSG00000021508|ensembl:ENSMUSG00000051910|ensembl:ENSMUSG00000032511	Cxcl14, Sox6, Scn5a	Mouse	MBA:997	SO:0001260	0.4429839535677706	NSforest
http://purl.obolibrary.org/obo/PCL_0130994	MEA-BST Lhx6 Sp9 Gaba	ensembl:ENSMUSG00000026890|ensembl:ENSMUSG00000068859|ensembl:ENSMUSG00000075324|ensembl:ENSMUSG00000028222	Lhx6, Sp9, Fign, Calb1	Mouse	MBA:997	SO:0001260	0.5865432716358179	NSforest
http://purl.obolibrary.org/obo/PCL_0130995	MEA-BST Lhx6 Nr2e1 Gaba	ensembl:ENSMUSG00000019803|ensembl:ENSMUSG00000026890|ensembl:ENSMUSG00000041911|ensembl:ENSMUSG00000035277	Nr2e1, Lhx6, Dlx1, Arx	Mouse	MBA:997	SO:0001260	0.6237911025145068	NSforest
http://purl.obolibrary.org/obo/PCL_0130996	MEA-BST Lhx6 Nfib Gaba	ensembl:ENSMUSG00000046593|ensembl:ENSMUSG00000026890	Tmem215, Lhx6	Mouse	MBA:997	SO:0001260	0.6223316912972084	NSforest
http://purl.obolibrary.org/obo/PCL_0130997	CEA-BST Gal Avp Gaba	ensembl:ENSMUSG00000037727|ensembl:ENSMUSG00000024907	Avp, Gal	Mouse	MBA:997	SO:0001260	0.9065934065934066	NSforest
http://purl.obolibrary.org/obo/PCL_0130998	SI-MA-ACB Ebf1 Bnc2 Gaba	ensembl:ENSMUSG00000028487|ensembl:ENSMUSG00000056870|ensembl:ENSMUSG00000035277	Bnc2, Gulp1, Arx	Mouse	MBA:997	SO:0001260	0.5729166666666666	NSforest
http://purl.obolibrary.org/obo/PCL_0130999	CEA-BST Six3 Cyp26b1 Gaba	ensembl:ENSMUSG00000049436|ensembl:ENSMUSG00000063415	Upk1b, Cyp26b1	Mouse	MBA:997	SO:0001260	0.7117310443490701	NSforest
http://purl.obolibrary.org/obo/PCL_0131000	CEA-AAA-BST Six3 Sp9 Gaba	ensembl:ENSMUSG00000040852|ensembl:ENSMUSG00000038805	Plekhh2, Six3	Mouse	MBA:997	SO:0001260	0.2368093061902783	NSforest
http://purl.obolibrary.org/obo/PCL_0131001	ACB-BST-FS D1 Gaba	ensembl:ENSMUSG00000039474|ensembl:ENSMUSG00000047935|ensembl:ENSMUSG00000039081|ensembl:ENSMUSG00000064065	Wfs1, Sox1ot, Zfp503, Ipcef1	Mouse	MBA:997	SO:0001260	0.4130808950086058	NSforest
http://purl.obolibrary.org/obo/PCL_0131002	CEA-BST Ebf1 Pdyn Gaba	ensembl:ENSMUSG00000034185|ensembl:ENSMUSG00000027400|ensembl:ENSMUSG00000004366	6430628N08Rik, Pdyn, Sst	Mouse	MBA:997	SO:0001260	0.3726893261776982	NSforest
http://purl.obolibrary.org/obo/PCL_0131003	CEA-BST Rai14 Pdyn Crh Gaba	ensembl:ENSMUSG00000022246|ensembl:ENSMUSG00000075270|ensembl:ENSMUSG00000035277	Rai14, Pde11a, Arx	Mouse	MBA:997	SO:0001260	0.5000000000000001	NSforest
http://purl.obolibrary.org/obo/PCL_0131004	BST-SI-AAA Six3 Slc22a3 Gaba	ensembl:ENSMUSG00000023828|ensembl:ENSMUSG00000109156|ensembl:ENSMUSG00000093460|ensembl:ENSMUSG00000098760	Slc22a3, Gm45194, Six3os1, Gm2164	Mouse	MBA:997	SO:0001260	0.5849582172701949	NSforest
http://purl.obolibrary.org/obo/PCL_0131005	SI-MPO-LPO Lhx8 Gaba	ensembl:ENSMUSG00000034486|ensembl:ENSMUSG00000026890	Gbx2, Lhx6	Mouse	MBA:997	SO:0001260	0.6639144558743909	NSforest
http://purl.obolibrary.org/obo/PCL_0131006	MPO-ADP Lhx8 Gaba	ensembl:ENSMUSG00000096225|ensembl:ENSMUSG00000112343|ensembl:ENSMUSG00000098760|ensembl:ENSMUSG00000090125	Lhx8, Sfta3-ps, Gm2164, Pou3f1	Mouse	MBA:997	SO:0001260	0.4766154944662621	NSforest
http://purl.obolibrary.org/obo/PCL_0131007	MPN-MPO-LPO Lhx6 Zfhx3 Gaba	ensembl:ENSMUSG00000055653|ensembl:ENSMUSG00000026890|ensembl:ENSMUSG00000075270|ensembl:ENSMUSG00000004347	Gpc3, Lhx6, Pde11a, Pde1c	Mouse	MBA:997	SO:0001260	0.5677655677655679	NSforest
http://purl.obolibrary.org/obo/PCL_0131008	BST Tac2 Gaba	ensembl:ENSMUSG00000025400|ensembl:ENSMUSG00000038331	Tac2, Satb2	Mouse	MBA:997	SO:0001260	0.6481481481481481	NSforest
http://purl.obolibrary.org/obo/PCL_0131009	PVR Six3 Sox3 Gaba	ensembl:ENSMUSG00000039410|ensembl:ENSMUSG00000041911|ensembl:ENSMUSG00000036192|ensembl:ENSMUSG00000032368	Prdm16, Dlx1, Rorb, Zic1	Mouse	MBA:997	SO:0001260	0.457075886317023	NSforest
http://purl.obolibrary.org/obo/PCL_0131010	BST-MPN Six3 Nrgn Gaba	ensembl:ENSMUSG00000028871|ensembl:ENSMUSG00000042258|ensembl:ENSMUSG00000038805|ensembl:ENSMUSG00000032511	Rspo1, Isl1, Six3, Scn5a	Mouse	MBA:997	SO:0001260	0.3410570164019786	NSforest
http://purl.obolibrary.org/obo/PCL_0131011	ARH-PVi Six6 Dopa-Gaba	ensembl:ENSMUSG00000021609|ensembl:ENSMUSG00000040856|ensembl:ENSMUSG00000041911	Slc6a3, Dlk1, Dlx1	Mouse	MBA:997	SO:0001260	0.804093567251462	NSforest
http://purl.obolibrary.org/obo/PCL_0131012	TMv-PMv Tbx3 Hist-Gaba	ensembl:ENSMUSG00000027360|ensembl:ENSMUSG00000018604	Hdc, Tbx3	Mouse	MBA:997	SO:0001260	0.8514664143803218	NSforest
http://purl.obolibrary.org/obo/PCL_0131013	RT-ZI Gnb3 Gaba	ensembl:ENSMUSG00000042258|ensembl:ENSMUSG00000005716	Isl1, Pvalb	Mouse	MBA:997	SO:0001260	0.7230514096185738	NSforest
http://purl.obolibrary.org/obo/PCL_0131014	SCH Six6 Cdc14a Gaba	ensembl:ENSMUSG00000021099|ensembl:ENSMUSG00000063260	Six6, Syt10	Mouse	MBA:997	SO:0001260	0.5361305361305361	NSforest
http://purl.obolibrary.org/obo/PCL_0131015	DMH Prdm13 Gaba	ensembl:ENSMUSG00000112343|ensembl:ENSMUSG00000019817|ensembl:ENSMUSG00000041911	Sfta3-ps, Plagl1, Dlx1	Mouse	MBA:997	SO:0001260	0.6167763157894737	NSforest
http://purl.obolibrary.org/obo/PCL_0131016	PVHd Gsc Gaba	ensembl:ENSMUSG00000021095|ensembl:ENSMUSG00000024713|ensembl:ENSMUSG00000025089	Gsc, Pcsk5, Gfra1	Mouse	MBA:997	SO:0001260	0.4999999999999999	NSforest
http://purl.obolibrary.org/obo/PCL_0131017	PVHd-SBPV Six3 Prox1 Gaba	ensembl:ENSMUSG00000042258|ensembl:ENSMUSG00000031963|ensembl:ENSMUSG00000105265	Isl1, Bmper, Sox2ot	Mouse	MBA:997	SO:0001260	0.3240302743614002	NSforest
http://purl.obolibrary.org/obo/PCL_0131018	AHN-SBPV-PVHd Pdrm12 Gaba	ensembl:ENSMUSG00000105265|ensembl:ENSMUSG00000030551|ensembl:ENSMUSG00000040856|ensembl:ENSMUSG00000041911	Sox2ot, Nr2f2, Dlk1, Dlx1	Mouse	MBA:997	SO:0001260	0.1660026560424966	NSforest
http://purl.obolibrary.org/obo/PCL_0131019	SBPV-PVa Six6 Satb2 Gaba	ensembl:ENSMUSG00000021099|ensembl:ENSMUSG00000035277|ensembl:ENSMUSG00000041911	Six6, Arx, Dlx1	Mouse	MBA:997	SO:0001260	0.4621848739495798	NSforest
http://purl.obolibrary.org/obo/PCL_0131020	AHN Onecut3 Gaba	ensembl:ENSMUSG00000031727|ensembl:ENSMUSG00000041911	Pmfbp1, Dlx1	Mouse	MBA:997	SO:0001260	0.396594684385382	NSforest
http://purl.obolibrary.org/obo/PCL_0131021	ZI Pax6 Gaba	ensembl:ENSMUSG00000027168|ensembl:ENSMUSG00000035277|ensembl:ENSMUSG00000087211	Pax6, Arx, Lhx1os	Mouse	MBA:997	SO:0001260	0.5836471221086605	NSforest
http://purl.obolibrary.org/obo/PCL_0131022	DMH-LHA Gsx1 Gaba	ensembl:ENSMUSG00000042607|ensembl:ENSMUSG00000033740|ensembl:ENSMUSG00000042258|ensembl:ENSMUSG00000010175	Asb4, St18, Isl1, Prox1	Mouse	MBA:997	SO:0001260	0.5027217419148254	NSforest
http://purl.obolibrary.org/obo/PCL_0131023	PVHd-DMH Lhx6 Gaba	ensembl:ENSMUSG00000026890|ensembl:ENSMUSG00000032259|ensembl:ENSMUSG00000033740	Lhx6, Drd2, St18	Mouse	MBA:997	SO:0001260	0.4448017148981779	NSforest
http://purl.obolibrary.org/obo/PCL_0131024	TU-ARH Otp Six6 Gaba	ensembl:ENSMUSG00000021685|ensembl:ENSMUSG00000042258	Otp, Isl1	Mouse	MBA:997	SO:0001260	0.8291770573566085	NSforest
http://purl.obolibrary.org/obo/PCL_0131025	TMd-DMH Foxd2 Gaba	ensembl:ENSMUSG00000085399|ensembl:ENSMUSG00000053747	Foxd2os, Sox14	Mouse	MBA:997	SO:0001260	0.6485740570377185	NSforest
http://purl.obolibrary.org/obo/PCL_0131026	PVpo-VMPO-MPN Hmx2 Gaba	ensembl:ENSMUSG00000019890|ensembl:ENSMUSG00000054667|ensembl:ENSMUSG00000041911	Nts, Irs4, Dlx1	Mouse	MBA:997	SO:0001260	0.5210377152823197	NSforest
http://purl.obolibrary.org/obo/PCL_0131027	DMH Hmx2 Gaba	ensembl:ENSMUSG00000024907|ensembl:ENSMUSG00000040856|ensembl:ENSMUSG00000041911	Gal, Dlk1, Dlx1	Mouse	MBA:997	SO:0001260	0.3954637976155858	NSforest
http://purl.obolibrary.org/obo/PCL_0131028	ARH-PVp Tbx3 Gaba	ensembl:ENSMUSG00000018604|ensembl:ENSMUSG00000040856|ensembl:ENSMUSG00000041911	Tbx3, Dlk1, Dlx1	Mouse	MBA:997	SO:0001260	0.5975794251134645	NSforest
http://purl.obolibrary.org/obo/PCL_0131029	LGv-ZI Otx2 Gaba	ensembl:ENSMUSG00000098682|ensembl:ENSMUSG00000039081|ensembl:ENSMUSG00000032368	Otx2os1, Zfp503, Zic1	Mouse	MBA:997	SO:0001260	0.3602533650039588	NSforest
http://purl.obolibrary.org/obo/PCL_0131030	BST-po Iigp1 Glut	ensembl:ENSMUSG00000112414|ensembl:ENSMUSG00000093472	Gm34609, 4930438E09Rik	Mouse	MBA:997	SO:0001260	0.7377049180327868	NSforest
http://purl.obolibrary.org/obo/PCL_0131031	TRS-BAC Sln Glut	ensembl:ENSMUSG00000042045|ensembl:ENSMUSG00000069372	Sln, Ctxn3	Mouse	MBA:997	SO:0001260	0.7520661157024794	NSforest
http://purl.obolibrary.org/obo/PCL_0131032	GPi Tbr1 Cngb3 Gaba-Glut	ensembl:ENSMUSG00000056494|ensembl:ENSMUSG00000027168|ensembl:ENSMUSG00000035033	Cngb3, Pax6, Tbr1	Mouse	MBA:997	SO:0001260	0.7412060301507537	NSforest
http://purl.obolibrary.org/obo/PCL_0131033	MEA-COA-BMA Ccdc42 Glut	ensembl:ENSMUSG00000046593|ensembl:ENSMUSG00000021676|ensembl:ENSMUSG00000044646	Tmem215, Iqgap2, Zbtb7c	Mouse	MBA:997	SO:0001260	0.3371934604904633	NSforest
http://purl.obolibrary.org/obo/PCL_0131034	COAa-PAA-MEA Barhl2 Glut	ensembl:ENSMUSG00000034384|ensembl:ENSMUSG00000035033|ensembl:ENSMUSG00000046215	Barhl2, Tbr1, Rprml	Mouse	MBA:997	SO:0001260	0.5402830702231899	NSforest
http://purl.obolibrary.org/obo/PCL_0131035	MS-SF Bsx Glut	ensembl:ENSMUSG00000008999|ensembl:ENSMUSG00000043013|ensembl:ENSMUSG00000042258	Bmp7, Onecut1, Isl1	Mouse	MBA:997	SO:0001260	0.7322175732217573	NSforest
http://purl.obolibrary.org/obo/PCL_0131036	AVPV-MEPO-SFO Tbr1 Glut	ensembl:ENSMUSG00000063594|ensembl:ENSMUSG00000035033	Gng8, Tbr1	Mouse	MBA:997	SO:0001260	0.6562780940964938	NSforest
http://purl.obolibrary.org/obo/PCL_0131037	LHA Barhl2 Glut	ensembl:ENSMUSG00000035033|ensembl:ENSMUSG00000031654|ensembl:ENSMUSG00000087211|ensembl:ENSMUSG00000003657	Tbr1, Cbln1, Lhx1os, Calb2	Mouse	MBA:997	SO:0001260	0.33003300330033	NSforest
http://purl.obolibrary.org/obo/PCL_0131038	ADP-MPO Trp73 Glut	ensembl:ENSMUSG00000029026|ensembl:ENSMUSG00000034324	Trp73, Tmem132c	Mouse	MBA:997	SO:0001260	0.7731186821415199	NSforest
http://purl.obolibrary.org/obo/PCL_0131039	SI-MA-LPO-LHA Skor1 Glut	ensembl:ENSMUSG00000047143|ensembl:ENSMUSG00000109097|ensembl:ENSMUSG00000035033	Dmrta2, Gm29683, Tbr1	Mouse	MBA:997	SO:0001260	0.6114918292040064	NSforest
http://purl.obolibrary.org/obo/PCL_0131040	MEA Otp Foxp2 Glut	ensembl:ENSMUSG00000059588|ensembl:ENSMUSG00000098097|ensembl:ENSMUSG00000003657	Calcrl, 6530403H02Rik, Calb2	Mouse	MBA:997	SO:0001260	0.5749128919860625	NSforest
http://purl.obolibrary.org/obo/PCL_0131041	MEA-BST Otp Zic2 Glut	ensembl:ENSMUSG00000019913|ensembl:ENSMUSG00000061524|ensembl:ENSMUSG00000021508	Sim1, Zic2, Cxcl14	Mouse	MBA:997	SO:0001260	0.6158088235294116	NSforest
http://purl.obolibrary.org/obo/PCL_0131042	LHA-MEA Otp Glut	ensembl:ENSMUSG00000025946|ensembl:ENSMUSG00000019913|ensembl:ENSMUSG00000021685|ensembl:ENSMUSG00000045573	Pth2r, Sim1, Otp, Penk	Mouse	MBA:997	SO:0001260	0.651644336175396	NSforest
http://purl.obolibrary.org/obo/PCL_0131043	DMH Nkx2-4 Glut	ensembl:ENSMUSG00000002930|ensembl:ENSMUSG00000027400	Ppp1r17, Pdyn	Mouse	MBA:997	SO:0001260	0.693717277486911	NSforest
http://purl.obolibrary.org/obo/PCL_0131044	MPN-MPO-PVpo Hmx2 Glut	ensembl:ENSMUSG00000112343|ensembl:ENSMUSG00000039954|ensembl:ENSMUSG00000104861|ensembl:ENSMUSG00000034324	Sfta3-ps, Stk32a, 3110039M20Rik, Tmem132c	Mouse	MBA:997	SO:0001260	0.5013888888888889	NSforest
http://purl.obolibrary.org/obo/PCL_0131045	DMH Hmx2 Glut	ensembl:ENSMUSG00000042258|ensembl:ENSMUSG00000035513|ensembl:ENSMUSG00000036192	Isl1, Ntng2, Rorb	Mouse	MBA:997	SO:0001260	0.6348637015781923	NSforest
http://purl.obolibrary.org/obo/PCL_0131046	ARH-PVp Tbx3 Glut	ensembl:ENSMUSG00000018604|ensembl:ENSMUSG00000027400	Tbx3, Pdyn	Mouse	MBA:997	SO:0001260	0.502476999292286	NSforest
http://purl.obolibrary.org/obo/PCL_0131047	DMH-LHA Vgll2 Glut	ensembl:ENSMUSG00000020037|ensembl:ENSMUSG00000019230|ensembl:ENSMUSG00000049630	Rfx4, Lhx9, C1ql3	Mouse	MBA:997	SO:0001260	0.7092819614711032	NSforest
http://purl.obolibrary.org/obo/PCL_0131048	VMH Fezf1 Glut	ensembl:ENSMUSG00000029697|ensembl:ENSMUSG00000112343|ensembl:ENSMUSG00000097248	Fezf1, Sfta3-ps, Gm2694	Mouse	MBA:997	SO:0001260	0.5817378497790869	NSforest
http://purl.obolibrary.org/obo/PCL_0131049	VMH Nr5a1 Glut	ensembl:ENSMUSG00000026751|ensembl:ENSMUSG00000031654	Nr5a1, Cbln1	Mouse	MBA:997	SO:0001260	0.6983805668016194	NSforest
http://purl.obolibrary.org/obo/PCL_0131050	LHA Pmch Glut	ensembl:ENSMUSG00000035383	Pmch	Mouse	MBA:997	SO:0001260	0.9099804305283756	NSforest
http://purl.obolibrary.org/obo/PCL_0131051	LHA-AHN-PVH Otp Trh Glut	ensembl:ENSMUSG00000005892|ensembl:ENSMUSG00000019913	Trh, Sim1	Mouse	MBA:997	SO:0001260	0.548397234443746	NSforest
http://purl.obolibrary.org/obo/PCL_0131052	AHN-RCH-LHA Otp Fezf1 Glut	ensembl:ENSMUSG00000029697|ensembl:ENSMUSG00000021685|ensembl:ENSMUSG00000024256	Fezf1, Otp, Adcyap1	Mouse	MBA:997	SO:0001260	0.6099706744868034	NSforest
http://purl.obolibrary.org/obo/PCL_0131053	PVH-SO-PVa Otp Glut	ensembl:ENSMUSG00000019913|ensembl:ENSMUSG00000021685|ensembl:ENSMUSG00000075324	Sim1, Otp, Fign	Mouse	MBA:997	SO:0001260	0.5311890838206628	NSforest
http://purl.obolibrary.org/obo/PCL_0131054	PH-ant-LHA Otp Bsx Glut	ensembl:ENSMUSG00000054360|ensembl:ENSMUSG00000019913	Bsx, Sim1	Mouse	MBA:997	SO:0001260	0.7618965813434119	NSforest
http://purl.obolibrary.org/obo/PCL_0131055	STN-PSTN Pitx2 Glut	ensembl:ENSMUSG00000012819|ensembl:ENSMUSG00000028023	Cdh23, Pitx2	Mouse	MBA:997	SO:0001260	0.7839218298911838	NSforest
http://purl.obolibrary.org/obo/PCL_0131056	PMv-TMv Pitx2 Glut	ensembl:ENSMUSG00000031736|ensembl:ENSMUSG00000061762|ensembl:ENSMUSG00000029361	Crnde, Tac1, Nos1	Mouse	MBA:997	SO:0001260	0.4930904522613065	NSforest
http://purl.obolibrary.org/obo/PCL_0131057	PH-an Pitx2 Glut	ensembl:ENSMUSG00000023964|ensembl:ENSMUSG00000028736	Calcr, Pax7	Mouse	MBA:997	SO:0001260	0.6785370548604428	NSforest
http://purl.obolibrary.org/obo/PCL_0131058	PH Pitx2 Glut	ensembl:ENSMUSG00000026686|ensembl:ENSMUSG00000026826|ensembl:ENSMUSG00000086224|ensembl:ENSMUSG00000029361	Lmx1a, Nr4a2, 2700069I18Rik, Nos1	Mouse	MBA:997	SO:0001260	0.3779963122311002	NSforest
http://purl.obolibrary.org/obo/PCL_0131059	PH-LHA Foxb1 Glut	ensembl:ENSMUSG00000028023|ensembl:ENSMUSG00000097623|ensembl:ENSMUSG00000005268	Pitx2, B230323A14Rik, Prlr	Mouse	MBA:997	SO:0001260	0.5465502909393184	NSforest
http://purl.obolibrary.org/obo/PCL_0131060	PMd-LHA Foxb1 Glut	ensembl:ENSMUSG00000059246|ensembl:ENSMUSG00000087095|ensembl:ENSMUSG00000112343	Foxb1, Emx2os, Sfta3-ps	Mouse	MBA:997	SO:0001260	0.6274509803921569	NSforest
http://purl.obolibrary.org/obo/PCL_0131061	PH-SUM Foxa1 Glut	ensembl:ENSMUSG00000028023|ensembl:ENSMUSG00000026686|ensembl:ENSMUSG00000026826	Pitx2, Lmx1a, Nr4a2	Mouse	MBA:997	SO:0001260	0.5967946014339941	NSforest
http://purl.obolibrary.org/obo/PCL_0131062	HY Gnrh1 Glut	ensembl:ENSMUSG00000015812	Gnrh1	Mouse	MBA:997	SO:0001260	0.9917355371900828	NSforest
http://purl.obolibrary.org/obo/PCL_0131063	MM-ant Foxb1 Glut	ensembl:ENSMUSG00000028023|ensembl:ENSMUSG00000069372|ensembl:ENSMUSG00000031932	Pitx2, Ctxn3, Gpr83	Mouse	MBA:997	SO:0001260	0.646551724137931	NSforest
http://purl.obolibrary.org/obo/PCL_0131064	MM Foxb1 Glut	ensembl:ENSMUSG00000059246|ensembl:ENSMUSG00000024565	Foxb1, Sall3	Mouse	MBA:997	SO:0001260	0.8318739054290717	NSforest
http://purl.obolibrary.org/obo/PCL_0131065	MH Tac2 Glut	ensembl:ENSMUSG00000095845	Gm5741	Mouse	MBA:997	SO:0001260	0.8788501026694046	NSforest
http://purl.obolibrary.org/obo/PCL_0131066	LH Pou4f1 Sox1 Glut	ensembl:ENSMUSG00000035580|ensembl:ENSMUSG00000096014|ensembl:ENSMUSG00000026826	Kcnh8, Sox1, Nr4a2	Mouse	MBA:997	SO:0001260	0.5913173652694611	NSforest
http://purl.obolibrary.org/obo/PCL_0131067	AD Serpinb7 Glut	ensembl:ENSMUSG00000036907|ensembl:ENSMUSG00000045672	C1ql2, Col27a1	Mouse	MBA:997	SO:0001260	0.8676470588235293	NSforest
http://purl.obolibrary.org/obo/PCL_0131068	AV Col27a1 Glut	ensembl:ENSMUSG00000043659|ensembl:ENSMUSG00000045672|ensembl:ENSMUSG00000050315	Npsr1, Col27a1, Synpo2	Mouse	MBA:997	SO:0001260	0.7056451612903225	NSforest
http://purl.obolibrary.org/obo/PCL_0131069	PVT-PT Ntrk1 Glut	ensembl:ENSMUSG00000032034|ensembl:ENSMUSG00000034486|ensembl:ENSMUSG00000041703	Kcnj5, Gbx2, Zic5	Mouse	MBA:997	SO:0001260	0.5296610169491526	NSforest
http://purl.obolibrary.org/obo/PCL_0131070	CM-IAD-CL-PCN Sema5b Glut	ensembl:ENSMUSG00000032332|ensembl:ENSMUSG00000034486|ensembl:ENSMUSG00000049630	Col12a1, Gbx2, C1ql3	Mouse	MBA:997	SO:0001260	0.6009334889148192	NSforest
http://purl.obolibrary.org/obo/PCL_0131071	TH Prkcd Grin2c Glut	ensembl:ENSMUSG00000041046|ensembl:ENSMUSG00000050315	Ramp3, Synpo2	Mouse	MBA:997	SO:0001260	0.7183418512208972	NSforest
http://purl.obolibrary.org/obo/PCL_0131072	RE-Xi Nox4 Glut	ensembl:ENSMUSG00000053062|ensembl:ENSMUSG00000041120|ensembl:ENSMUSG00000028222|ensembl:ENSMUSG00000027833	Jam2, Nbl1, Calb1, Shox2	Mouse	MBA:997	SO:0001260	0.4400510204081632	NSforest
http://purl.obolibrary.org/obo/PCL_0131073	MG-POL-SGN Nts Glut	ensembl:ENSMUSG00000019890|ensembl:ENSMUSG00000021647|ensembl:ENSMUSG00000034486	Nts, Cartpt, Gbx2	Mouse	MBA:997	SO:0001260	0.5352480417754569	NSforest
http://purl.obolibrary.org/obo/PCL_0131074	PF Fzd5 Glut	ensembl:ENSMUSG00000045005|ensembl:ENSMUSG00000027833	Fzd5, Shox2	Mouse	MBA:997	SO:0001260	0.7771739130434782	NSforest
http://purl.obolibrary.org/obo/PCL_0131075	PRC-PAG Pax6 Glut	ensembl:ENSMUSG00000026805|ensembl:ENSMUSG00000027168|ensembl:ENSMUSG00000024985	Barhl1, Pax6, Tcf7l2	Mouse	MBA:997	SO:0001260	0.6786850477200423	NSforest
http://purl.obolibrary.org/obo/PCL_0131076	MB-ant-ve Dmrta2 Glut	ensembl:ENSMUSG00000047143|ensembl:ENSMUSG00000043969|ensembl:ENSMUSG00000043289|ensembl:ENSMUSG00000028755	Dmrta2, Emx2, Mei4, Cda	Mouse	MBA:997	SO:0001260	0.4155672823218997	NSforest
http://purl.obolibrary.org/obo/PCL_0131077	RN Spp1 Glut	ensembl:ENSMUSG00000036907|ensembl:ENSMUSG00000091061	C1ql2, 4930445B16Rik	Mouse	MBA:997	SO:0001260	0.6018518518518519	NSforest
http://purl.obolibrary.org/obo/PCL_0131078	MRN-PAG Nkx6-1 Glut	ensembl:ENSMUSG00000014030|ensembl:ENSMUSG00000019913|ensembl:ENSMUSG00000043441	Pax5, Sim1, Gpr149	Mouse	MBA:997	SO:0001260	0.6425702811244981	NSforest
http://purl.obolibrary.org/obo/PCL_0131079	IF-RL-CLI-PAG Foxa1 Glut	ensembl:ENSMUSG00000047143|ensembl:ENSMUSG00000086141|ensembl:ENSMUSG00000069170	Dmrta2, 9030622O22Rik, Adgrv1	Mouse	MBA:997	SO:0001260	0.5588452997779423	NSforest
http://purl.obolibrary.org/obo/PCL_0131080	PAG-SC Neurod2 Meis2 Glut	ensembl:ENSMUSG00000051910|ensembl:ENSMUSG00000041741|ensembl:ENSMUSG00000027833	Sox6, Pde3a, Shox2	Mouse	MBA:997	SO:0001260	0.5995274660366214	NSforest
http://purl.obolibrary.org/obo/PCL_0131081	PAG Pou4f3 Glut	ensembl:ENSMUSG00000024497|ensembl:ENSMUSG00000035456|ensembl:ENSMUSG00000027833	Pou4f3, Prdm8, Shox2	Mouse	MBA:997	SO:0001260	0.6952380952380952	NSforest
http://purl.obolibrary.org/obo/PCL_0131082	CUN Evx2 Lhx2 Glut	ensembl:ENSMUSG00000001815|ensembl:ENSMUSG00000098682	Evx2, Otx2os1	Mouse	MBA:997	SO:0001260	0.6962406015037593	NSforest
http://purl.obolibrary.org/obo/PCL_0131083	APN C1ql2 Glut	ensembl:ENSMUSG00000036907|ensembl:ENSMUSG00000024985	C1ql2, Tcf7l2	Mouse	MBA:997	SO:0001260	0.7542768273716952	NSforest
http://purl.obolibrary.org/obo/PCL_0131084	APN C1ql4 Glut	ensembl:ENSMUSG00000001076|ensembl:ENSMUSG00000069372	C1ql4, Ctxn3	Mouse	MBA:997	SO:0001260	0.7569141193595342	NSforest
http://purl.obolibrary.org/obo/PCL_0131085	PAG-MRN Pou3f1 Glut	ensembl:ENSMUSG00000036907|ensembl:ENSMUSG00000001076	C1ql2, C1ql4	Mouse	MBA:997	SO:0001260	0.5707931801334323	NSforest
http://purl.obolibrary.org/obo/PCL_0131086	MRN Pou3f1 C1ql4 Glut	ensembl:ENSMUSG00000001076|ensembl:ENSMUSG00000027833|ensembl:ENSMUSG00000009734|ensembl:ENSMUSG00000019230	C1ql4, Shox2, Pou6f2, Lhx9	Mouse	MBA:997	SO:0001260	0.4499703966844286	NSforest
http://purl.obolibrary.org/obo/PCL_0131087	PRC-PAG Tcf7l2 Irx2 Glut	ensembl:ENSMUSG00000042596|ensembl:ENSMUSG00000027833|ensembl:ENSMUSG00000024985|ensembl:ENSMUSG00000042453|ensembl:ENSMUSG00000024647	Tfap2d, Shox2, Tcf7l2, Reln, Cbln2	Mouse	MBA:997	SO:0001260	0.2965561224489795	NSforest
http://purl.obolibrary.org/obo/PCL_0131088	SPA-SPFm-SPFp-POL-PIL-PoT Sp9 Glut	ensembl:ENSMUSG00000027833|ensembl:ENSMUSG00000000247|ensembl:ENSMUSG00000024985|ensembl:ENSMUSG00000024647	Shox2, Lhx2, Tcf7l2, Cbln2	Mouse	MBA:997	SO:0001260	0.504997117047857	NSforest
http://purl.obolibrary.org/obo/PCL_0131089	PAG-SC Pou4f1 Zic1 Glut	ensembl:ENSMUSG00000026805|ensembl:ENSMUSG00000043441|ensembl:ENSMUSG00000030043|ensembl:ENSMUSG00000024985|ensembl:ENSMUSG00000027833	Barhl1, Gpr149, Tacr1, Tcf7l2, Shox2	Mouse	MBA:997	SO:0001260	0.2862469839877166	NSforest
http://purl.obolibrary.org/obo/PCL_0131090	PAG-MRN Tfap2b Glut	ensembl:ENSMUSG00000028487|ensembl:ENSMUSG00000025927|ensembl:ENSMUSG00000027833	Bnc2, Tfap2b, Shox2	Mouse	MBA:997	SO:0001260	0.7186275834121303	NSforest
http://purl.obolibrary.org/obo/PCL_0131091	PAG Pou4f1 Bnc2 Glut	ensembl:ENSMUSG00000028487|ensembl:ENSMUSG00000023064|ensembl:ENSMUSG00000022053|ensembl:ENSMUSG00000027833	Bnc2, Sncg, Ebf2, Shox2	Mouse	MBA:997	SO:0001260	0.6650620724600963	NSforest
http://purl.obolibrary.org/obo/PCL_0131092	PAG Pou4f1 Ebf2 Glut	ensembl:ENSMUSG00000026805|ensembl:ENSMUSG00000048349|ensembl:ENSMUSG00000022053|ensembl:ENSMUSG00000019230	Barhl1, Pou4f1, Ebf2, Lhx9	Mouse	MBA:997	SO:0001260	0.5828849602869588	NSforest
http://purl.obolibrary.org/obo/PCL_0131093	PAG Pou4f2 Glut	ensembl:ENSMUSG00000031688|ensembl:ENSMUSG00000043659|ensembl:ENSMUSG00000026805	Pou4f2, Npsr1, Barhl1	Mouse	MBA:997	SO:0001260	0.4778263585259212	NSforest
http://purl.obolibrary.org/obo/PCL_0131094	PAG Pou4f2 Mesi2 Glut	ensembl:ENSMUSG00000031688|ensembl:ENSMUSG00000001988|ensembl:ENSMUSG00000042596|ensembl:ENSMUSG00000027833	Pou4f2, Npas1, Tfap2d, Shox2	Mouse	MBA:997	SO:0001260	0.5603735823882589	NSforest
http://purl.obolibrary.org/obo/PCL_0131095	SC Bnc2 Glut	ensembl:ENSMUSG00000028487|ensembl:ENSMUSG00000051910|ensembl:ENSMUSG00000036356|ensembl:ENSMUSG00000019230	Bnc2, Sox6, Csgalnact1, Lhx9	Mouse	MBA:997	SO:0001260	0.6773080241587576	NSforest
http://purl.obolibrary.org/obo/PCL_0131096	SCig Foxb1 Glut	ensembl:ENSMUSG00000097623|ensembl:ENSMUSG00000025927|ensembl:ENSMUSG00000051910	B230323A14Rik, Tfap2b, Sox6	Mouse	MBA:997	SO:0001260	0.697576099210823	NSforest
http://purl.obolibrary.org/obo/PCL_0131097	SCig-an-PPT Foxb1 Glut	ensembl:ENSMUSG00000059246|ensembl:ENSMUSG00000100005|ensembl:ENSMUSG00000024985	Foxb1, B130024G19Rik, Tcf7l2	Mouse	MBA:997	SO:0001260	0.8472622478386168	NSforest
http://purl.obolibrary.org/obo/PCL_0131098	SCig Foxb1 Otx2 Glut	ensembl:ENSMUSG00000059246|ensembl:ENSMUSG00000098682|ensembl:ENSMUSG00000048349	Foxb1, Otx2os1, Pou4f1	Mouse	MBA:997	SO:0001260	0.8261494252873564	NSforest
http://purl.obolibrary.org/obo/PCL_0131099	SCdg-PAG Tfap2b Glut	ensembl:ENSMUSG00000031688|ensembl:ENSMUSG00000115424|ensembl:ENSMUSG00000028487|ensembl:ENSMUSG00000025927	Pou4f2, D130079A08Rik, Bnc2, Tfap2b	Mouse	MBA:997	SO:0001260	0.6473684210526315	NSforest
http://purl.obolibrary.org/obo/PCL_0131100	SCiw Pitx2 Glut	ensembl:ENSMUSG00000028023|ensembl:ENSMUSG00000019230	Pitx2, Lhx9	Mouse	MBA:997	SO:0001260	0.8012406306539157	NSforest
http://purl.obolibrary.org/obo/PCL_0131101	IC Tfap2d Maf Glut	ensembl:ENSMUSG00000042596|ensembl:ENSMUSG00000058665|ensembl:ENSMUSG00000024985	Tfap2d, En1, Tcf7l2	Mouse	MBA:997	SO:0001260	0.623489608506525	NSforest
http://purl.obolibrary.org/obo/PCL_0131102	CUN-PPN Evx2 Meis2 Glut	ensembl:ENSMUSG00000001076|ensembl:ENSMUSG00000014030	C1ql4, Pax5	Mouse	MBA:997	SO:0001260	0.6626506024096385	NSforest
http://purl.obolibrary.org/obo/PCL_0131103	PBG Mtnr1a Glut-Chol	ensembl:ENSMUSG00000073530|ensembl:ENSMUSG00000100241|ensembl:ENSMUSG00000019230	Pappa2, Slc18a3, Lhx9	Mouse	MBA:997	SO:0001260	0.9	NSforest
http://purl.obolibrary.org/obo/PCL_0131104	PAG Tcf24 Glut	ensembl:ENSMUSG00000020357|ensembl:ENSMUSG00000001076|ensembl:ENSMUSG00000000214	Flt4, C1ql4, Th	Mouse	MBA:997	SO:0001260	0.802469135802469	NSforest
http://purl.obolibrary.org/obo/PCL_0131105	SCig Tfap2b Chrnb3 Glut	ensembl:ENSMUSG00000025927|ensembl:ENSMUSG00000004151|ensembl:ENSMUSG00000027833	Tfap2b, Etv1, Shox2	Mouse	MBA:997	SO:0001260	0.8426966292134832	NSforest
http://purl.obolibrary.org/obo/PCL_0131106	SCop Pou4f2 Neurod2 Glut	ensembl:ENSMUSG00000031688|ensembl:ENSMUSG00000022309|ensembl:ENSMUSG00000005672	Pou4f2, Angpt1, Kit	Mouse	MBA:997	SO:0001260	0.6666666666666665	NSforest
http://purl.obolibrary.org/obo/PCL_0131107	SCsg Pde5a Glut	ensembl:ENSMUSG00000053965|ensembl:ENSMUSG00000027985|ensembl:ENSMUSG00000022053	Pde5a, Lef1, Ebf2	Mouse	MBA:997	SO:0001260	0.7260963335729691	NSforest
http://purl.obolibrary.org/obo/PCL_0131108	SCop Sln Glut	ensembl:ENSMUSG00000040998|ensembl:ENSMUSG00000048349	Npnt, Pou4f1	Mouse	MBA:997	SO:0001260	0.772104607721046	NSforest
http://purl.obolibrary.org/obo/PCL_0131109	PAG Ucn Glut	ensembl:ENSMUSG00000038676|ensembl:ENSMUSG00000090088	Ucn, Gm15934	Mouse	MBA:997	SO:0001260	0.8860759493670887	NSforest
http://purl.obolibrary.org/obo/PCL_0131110	ND-INC Foxd2 Glut	ensembl:ENSMUSG00000055210|ensembl:ENSMUSG00000066477	Foxd2, Gm16551	Mouse	MBA:997	SO:0001260	0.7900432900432902	NSforest
http://purl.obolibrary.org/obo/PCL_0131111	PAG-MRN Rln3 Gaba	ensembl:ENSMUSG00000045232|ensembl:ENSMUSG00000027859|ensembl:ENSMUSG00000015619	Rln3, Ngf, Gata3	Mouse	MBA:997	SO:0001260	0.8225108225108225	NSforest
http://purl.obolibrary.org/obo/PCL_0131112	PPN-CUN-PCG Otp En1 Gaba	ensembl:ENSMUSG00000028736|ensembl:ENSMUSG00000058665|ensembl:ENSMUSG00000087211	Pax7, En1, Lhx1os	Mouse	MBA:997	SO:0001260	0.7156368221941992	NSforest
http://purl.obolibrary.org/obo/PCL_0131113	MRN-PPN-CUN Pax8 Gaba	ensembl:ENSMUSG00000014030|ensembl:ENSMUSG00000058665|ensembl:ENSMUSG00000021685	Pax5, En1, Otp	Mouse	MBA:997	SO:0001260	0.7432041642567958	NSforest
http://purl.obolibrary.org/obo/PCL_0131114	MRN-VTN-PPN Pax5 Cdh23 Gaba	ensembl:ENSMUSG00000012819|ensembl:ENSMUSG00000014030|ensembl:ENSMUSG00000015619	Cdh23, Pax5, Gata3	Mouse	MBA:997	SO:0001260	0.7588617074388416	NSforest
http://purl.obolibrary.org/obo/PCL_0131115	SNr-VTA Pax5 Npas1 Gaba	ensembl:ENSMUSG00000061517|ensembl:ENSMUSG00000028464|ensembl:ENSMUSG00000014030|ensembl:ENSMUSG00000001988	Sox21, Tpm2, Pax5, Npas1	Mouse	MBA:997	SO:0001260	0.727788279773157	NSforest
http://purl.obolibrary.org/obo/PCL_0131116	PAG-PPN Pax5 Sox21 Gaba	ensembl:ENSMUSG00000061517|ensembl:ENSMUSG00000005917|ensembl:ENSMUSG00000014030|ensembl:ENSMUSG00000015619	Sox21, Otx1, Pax5, Gata3	Mouse	MBA:997	SO:0001260	0.5942720763723149	NSforest
http://purl.obolibrary.org/obo/PCL_0131117	SNr Six3 Gaba	ensembl:ENSMUSG00000005917|ensembl:ENSMUSG00000054555|ensembl:ENSMUSG00000038805	Otx1, Adam12, Six3	Mouse	MBA:997	SO:0001260	0.621301775147929	NSforest
http://purl.obolibrary.org/obo/PCL_0131118	IC Six3 En2 Gaba	ensembl:ENSMUSG00000043969|ensembl:ENSMUSG00000038805|ensembl:ENSMUSG00000015619	Emx2, Six3, Gata3	Mouse	MBA:997	SO:0001260	0.7045101088646968	NSforest
http://purl.obolibrary.org/obo/PCL_0131119	PAG-MRN-RN Foxa2 Gaba	ensembl:ENSMUSG00000086141|ensembl:ENSMUSG00000015619|ensembl:ENSMUSG00000087211	9030622O22Rik, Gata3, Lhx1os	Mouse	MBA:997	SO:0001260	0.8056729028364513	NSforest
http://purl.obolibrary.org/obo/PCL_0131120	PAG-ND-PCG Onecut1 Gaba	ensembl:ENSMUSG00000043013|ensembl:ENSMUSG00000047344|ensembl:ENSMUSG00000015619	Onecut1, Lancl3, Gata3	Mouse	MBA:997	SO:0001260	0.5682407887908666	NSforest
http://purl.obolibrary.org/obo/PCL_0131121	PAG-RN Nkx2-2 Otx1 Gaba	ensembl:ENSMUSG00000027434|ensembl:ENSMUSG00000025927|ensembl:ENSMUSG00000015619	Nkx2-2, Tfap2b, Gata3	Mouse	MBA:997	SO:0001260	0.7481789802289283	NSforest
http://purl.obolibrary.org/obo/PCL_0131122	PRT Tcf7l2 Gaba	ensembl:ENSMUSG00000015619|ensembl:ENSMUSG00000024985|ensembl:ENSMUSG00000018698|ensembl:ENSMUSG00000024647	Gata3, Tcf7l2, Lhx1, Cbln2	Mouse	MBA:997	SO:0001260	0.5200450813073578	NSforest
http://purl.obolibrary.org/obo/PCL_0131123	LGv-SPFp-SPFm Nkx2-2 Tcf7l2 Gaba	ensembl:ENSMUSG00000027434|ensembl:ENSMUSG00000015619|ensembl:ENSMUSG00000024985	Nkx2-2, Gata3, Tcf7l2	Mouse	MBA:997	SO:0001260	0.7895183175033921	NSforest
http://purl.obolibrary.org/obo/PCL_0131124	SC Otx2 Gcnt4 Gaba	ensembl:ENSMUSG00000028736|ensembl:ENSMUSG00000055435	Pax7, Maf	Mouse	MBA:997	SO:0001260	0.7159904534606205	NSforest
http://purl.obolibrary.org/obo/PCL_0131125	SC-PAG Lef1 Emx2 Gaba	ensembl:ENSMUSG00000043969|ensembl:ENSMUSG00000025927|ensembl:ENSMUSG00000027985	Emx2, Tfap2b, Lef1	Mouse	MBA:997	SO:0001260	0.6073551263001487	NSforest
http://purl.obolibrary.org/obo/PCL_0131126	SCm-PAG Cdh23 Gaba	ensembl:ENSMUSG00000012819|ensembl:ENSMUSG00000025927|ensembl:ENSMUSG00000015619	Cdh23, Tfap2b, Gata3	Mouse	MBA:997	SO:0001260	0.750909090909091	NSforest
http://purl.obolibrary.org/obo/PCL_0131127	SCs Dmbx1 Gaba	ensembl:ENSMUSG00000028707|ensembl:ENSMUSG00000026841	Dmbx1, Fibcd1	Mouse	MBA:997	SO:0001260	0.7320983256145351	NSforest
http://purl.obolibrary.org/obo/PCL_0131128	SC Lef1 Otx2 Gaba	ensembl:ENSMUSG00000028736|ensembl:ENSMUSG00000022707|ensembl:ENSMUSG00000005672	Pax7, Gbe1, Kit	Mouse	MBA:997	SO:0001260	0.5154639175257733	NSforest
http://purl.obolibrary.org/obo/PCL_0131129	SCs Pax7 Nfia Gaba	ensembl:ENSMUSG00000028736|ensembl:ENSMUSG00000098682|ensembl:ENSMUSG00000004366	Pax7, Otx2os1, Sst	Mouse	MBA:997	SO:0001260	0.6262376237623762	NSforest
http://purl.obolibrary.org/obo/PCL_0131130	PRT Mecom Gaba	ensembl:ENSMUSG00000027684|ensembl:ENSMUSG00000015619	Mecom, Gata3	Mouse	MBA:997	SO:0001260	0.8240564756991583	NSforest
http://purl.obolibrary.org/obo/PCL_0131131	SC Tnnt1 Gli3 Gaba	ensembl:ENSMUSG00000064179|ensembl:ENSMUSG00000021318	Tnnt1, Gli3	Mouse	MBA:997	SO:0001260	0.673758865248227	NSforest
http://purl.obolibrary.org/obo/PCL_0131132	SCs Lef1 Gli3 Gaba	ensembl:ENSMUSG00000021318|ensembl:ENSMUSG00000028736|ensembl:ENSMUSG00000025927	Gli3, Pax7, Tfap2b	Mouse	MBA:997	SO:0001260	0.6589958158995817	NSforest
http://purl.obolibrary.org/obo/PCL_0131133	SCsg Gabrr2 Gaba	ensembl:ENSMUSG00000039714|ensembl:ENSMUSG00000015619	Cplx3, Gata3	Mouse	MBA:997	SO:0001260	0.7521522428636158	NSforest
http://purl.obolibrary.org/obo/PCL_0131134	IPN Otp Crisp1 Gaba	ensembl:ENSMUSG00000022041|ensembl:ENSMUSG00000015202	Chrna2, Cnksr3	Mouse	MBA:997	SO:0001260	0.7894736842105263	NSforest
http://purl.obolibrary.org/obo/PCL_0131135	MB Dopa	ensembl:ENSMUSG00000021609|ensembl:ENSMUSG00000029219	Slc6a3, Slc10a4	Mouse	MBA:997	SO:0001260	0.8661125129879769	NSforest
http://purl.obolibrary.org/obo/PCL_0131136	MB-HB Sero	ensembl:ENSMUSG00000055197|ensembl:ENSMUSG00000015053	Fev, Gata2	Mouse	MBA:997	SO:0001260	0.8926261319534282	NSforest
http://purl.obolibrary.org/obo/PCL_0131137	PB Lmx1a Glut	ensembl:ENSMUSG00000040610|ensembl:ENSMUSG00000026686	Tlx3, Lmx1a	Mouse	MBA:997	SO:0001260	0.856083320183052	NSforest
http://purl.obolibrary.org/obo/PCL_0131138	PSV Lmx1a Trpv6 Glut	ensembl:ENSMUSG00000026686|ensembl:ENSMUSG00000025592|ensembl:ENSMUSG00000036437	Lmx1a, Dach2, Npy1r	Mouse	MBA:997	SO:0001260	0.4633204633204633	NSforest
http://purl.obolibrary.org/obo/PCL_0131139	PB-SUT Tlx3 Lhx2 Glut	ensembl:ENSMUSG00000074776|ensembl:ENSMUSG00000039004|ensembl:ENSMUSG00000040254|ensembl:ENSMUSG00000031734	Gm10754, Bmp6, Sema3d, Irx3	Mouse	MBA:997	SO:0001260	0.576036866359447	NSforest
http://purl.obolibrary.org/obo/PCL_0131140	PB Pax5 Glut	ensembl:ENSMUSG00000036198|ensembl:ENSMUSG00000026778|ensembl:ENSMUSG00000058665|ensembl:ENSMUSG00000024256	Arhgap36, Prkcq, En1, Adcyap1	Mouse	MBA:997	SO:0001260	0.4634831460674157	NSforest
http://purl.obolibrary.org/obo/PCL_0131141	LDT-PCG Vsx2 Lhx4 Glut	ensembl:ENSMUSG00000026468|ensembl:ENSMUSG00000022053	Lhx4, Ebf2	Mouse	MBA:997	SO:0001260	0.8605769230769231	NSforest
http://purl.obolibrary.org/obo/PCL_0131142	PB Evx2 Glut	ensembl:ENSMUSG00000036545|ensembl:ENSMUSG00000031344|ensembl:ENSMUSG00000019230|ensembl:ENSMUSG00000060402	Adamts2, Gabrq, Lhx9, Chst8	Mouse	MBA:997	SO:0001260	0.4748230950671726	NSforest
http://purl.obolibrary.org/obo/PCL_0131143	B-PB Nr4a2 Glut	ensembl:ENSMUSG00000074274|ensembl:ENSMUSG00000001076|ensembl:ENSMUSG00000045518|ensembl:ENSMUSG00000042607	D930028M14Rik, C1ql4, Onecut3, Asb4	Mouse	MBA:997	SO:0001260	0.6938483547925609	NSforest
http://purl.obolibrary.org/obo/PCL_0131144	PCG-PRNr Vsx2 Nkx6-1 Glut	ensembl:ENSMUSG00000035187|ensembl:ENSMUSG00000027833|ensembl:ENSMUSG00000018698	Nkx6-1, Shox2, Lhx1	Mouse	MBA:997	SO:0001260	0.6446540880503145	NSforest
http://purl.obolibrary.org/obo/PCL_0131145	PRNc-NI-SG-RPO Vsx2 Nr4a2 Glut	ensembl:ENSMUSG00000021239|ensembl:ENSMUSG00000040624|ensembl:ENSMUSG00000027833|ensembl:ENSMUSG00000024256	Vsx2, Plekhg1, Shox2, Adcyap1	Mouse	MBA:997	SO:0001260	0.7306955966815573	NSforest
http://purl.obolibrary.org/obo/PCL_0131146	PRNc-PARN Tlx1 Glut	ensembl:ENSMUSG00000036198|ensembl:ENSMUSG00000047904|ensembl:ENSMUSG00000038765|ensembl:ENSMUSG00000019817	Arhgap36, Sstr2, Lmx1b, Plagl1	Mouse	MBA:997	SO:0001260	0.4105839416058394	NSforest
http://purl.obolibrary.org/obo/PCL_0131147	PB-PSV Phox2b Glut	ensembl:ENSMUSG00000034810|ensembl:ENSMUSG00000012520|ensembl:ENSMUSG00000040016|ensembl:ENSMUSG00000038765	Scn7a, Phox2b, Ptger3, Lmx1b	Mouse	MBA:997	SO:0001260	0.569620253164557	NSforest
http://purl.obolibrary.org/obo/PCL_0131148	PSV Pvalb Lhx2 Glut	ensembl:ENSMUSG00000028464|ensembl:ENSMUSG00000032440|ensembl:ENSMUSG00000052951	Tpm2, Tgfbr2, C130021I20Rik	Mouse	MBA:997	SO:0001260	0.5750350631136044	NSforest
http://purl.obolibrary.org/obo/PCL_0131149	PB-NTS Phox2b Ebf3 Lmx1b Glut	ensembl:ENSMUSG00000012520|ensembl:ENSMUSG00000017897|ensembl:ENSMUSG00000038765	Phox2b, Eya2, Lmx1b	Mouse	MBA:997	SO:0001260	0.6596306068601583	NSforest
http://purl.obolibrary.org/obo/PCL_0131150	PRNr Otp Nfib Glut	ensembl:ENSMUSG00000086126|ensembl:ENSMUSG00000093472|ensembl:ENSMUSG00000021685|ensembl:ENSMUSG00000040258	Evx1os, 4930438E09Rik, Otp, Nxph4	Mouse	MBA:997	SO:0001260	0.5536912751677853	NSforest
http://purl.obolibrary.org/obo/PCL_0131151	IPN-LDT Vsx2 Nkx6-1 Glut	ensembl:ENSMUSG00000031688|ensembl:ENSMUSG00000021239|ensembl:ENSMUSG00000014030	Pou4f2, Vsx2, Pax5	Mouse	MBA:997	SO:0001260	0.7857974388824214	NSforest
http://purl.obolibrary.org/obo/PCL_0131152	LDT Vsx2 Nkx6-1 Nfib Glut	ensembl:ENSMUSG00000031119|ensembl:ENSMUSG00000035187|ensembl:ENSMUSG00000014030|ensembl:ENSMUSG00000058665	Gpc4, Nkx6-1, Pax5, En1	Mouse	MBA:997	SO:0001260	0.7352941176470589	NSforest
http://purl.obolibrary.org/obo/PCL_0131153	NLL-SOC Spp1 Glut	ensembl:ENSMUSG00000035486|ensembl:ENSMUSG00000029304	Plk5, Spp1	Mouse	MBA:997	SO:0001260	0.6567796610169491	NSforest
http://purl.obolibrary.org/obo/PCL_0131154	MEV Ppp1r1c Glut	ensembl:ENSMUSG00000032318|ensembl:ENSMUSG00000048070	Isl2, Pirt	Mouse	MBA:997	SO:0001260	0.9146341463414632	NSforest
http://purl.obolibrary.org/obo/PCL_0131155	PG-TRN-LRN Fat2 Glut	ensembl:ENSMUSG00000037295|ensembl:ENSMUSG00000042474	Ldlrap1, Fcmr	Mouse	MBA:997	SO:0001260	0.6446540880503143	NSforest
http://purl.obolibrary.org/obo/PCL_0131156	IRN Vip Glut	ensembl:ENSMUSG00000019772|ensembl:ENSMUSG00000027684	Vip, Mecom	Mouse	MBA:997	SO:0001260	0.8950086058519794	NSforest
http://purl.obolibrary.org/obo/PCL_0131157	PRP-NI-PRNc-GRN Otp Glut	ensembl:ENSMUSG00000021685|ensembl:ENSMUSG00000049630|ensembl:ENSMUSG00000086308|ensembl:ENSMUSG00000018698	Otp, C1ql3, G630016G05Rik, Lhx1	Mouse	MBA:997	SO:0001260	0.6535462309691794	NSforest
http://purl.obolibrary.org/obo/PCL_0131158	NTS Phox2b Glut	ensembl:ENSMUSG00000012520|ensembl:ENSMUSG00000079277	Phox2b, Hoxd3	Mouse	MBA:997	SO:0001260	0.6102051551814834	NSforest
http://purl.obolibrary.org/obo/PCL_0131159	MARN-GRN Pyy Glut	ensembl:ENSMUSG00000017311	Pyy	Mouse	MBA:997	SO:0001260	0.9756097560975608	NSforest
http://purl.obolibrary.org/obo/PCL_0131160	MDRNv Lhx4 Qrfprl Glut	ensembl:ENSMUSG00000023964|ensembl:ENSMUSG00000026468|ensembl:ENSMUSG00000038700	Calcr, Lhx4, Hoxb5	Mouse	MBA:997	SO:0001260	0.9090909090909092	NSforest
http://purl.obolibrary.org/obo/PCL_0131161	NTS Mbnl3 Glut	ensembl:ENSMUSG00000091243|ensembl:ENSMUSG00000023945|ensembl:ENSMUSG00000038700	Vgll3, Slc5a7, Hoxb5	Mouse	MBA:997	SO:0001260	0.7191780821917809	NSforest
http://purl.obolibrary.org/obo/PCL_0131162	PGRNd Dmbx1 Glut	ensembl:ENSMUSG00000027684|ensembl:ENSMUSG00000028707|ensembl:ENSMUSG00000023945	Mecom, Dmbx1, Slc5a7	Mouse	MBA:997	SO:0001260	0.8333333333333334	NSforest
http://purl.obolibrary.org/obo/PCL_0131163	PGRN-PARN-MDRN Hoxb5 Glut	ensembl:ENSMUSG00000038700|ensembl:ENSMUSG00000075394|ensembl:ENSMUSG00000087658	Hoxb5, Hoxc4, Hotairm1	Mouse	MBA:997	SO:0001260	0.1345781815123223	NSforest
http://purl.obolibrary.org/obo/PCL_0131164	MV-SPIV Slc6a2 Glut	ensembl:ENSMUSG00000032291|ensembl:ENSMUSG00000026805|ensembl:ENSMUSG00000038700	Crabp1, Barhl1, Hoxb5	Mouse	MBA:997	SO:0001260	0.6956521739130435	NSforest
http://purl.obolibrary.org/obo/PCL_0131165	SPVI-SPVC Tlx3 Ebf3 Glut	ensembl:ENSMUSG00000038253|ensembl:ENSMUSG00000038765|ensembl:ENSMUSG00000061762|ensembl:ENSMUSG00000038700	Hoxa5, Lmx1b, Tac1, Hoxb5	Mouse	MBA:997	SO:0001260	0.570095354027186	NSforest
http://purl.obolibrary.org/obo/PCL_0131166	CU-ECU-SPVI Foxb1 Glut	ensembl:ENSMUSG00000035274|ensembl:ENSMUSG00000038253|ensembl:ENSMUSG00000048349	Tpbg, Hoxa5, Pou4f1	Mouse	MBA:997	SO:0001260	0.4750479846449136	NSforest
http://purl.obolibrary.org/obo/PCL_0131167	MV-SPIV Phox2b Ebf3 Lbx1 Glut	ensembl:ENSMUSG00000012520|ensembl:ENSMUSG00000025216	Phox2b, Lbx1	Mouse	MBA:997	SO:0001260	0.7251041272245361	NSforest
http://purl.obolibrary.org/obo/PCL_0131168	MV-SPIV Zic4 Neurod2 Glut	ensembl:ENSMUSG00000048349|ensembl:ENSMUSG00000036972|ensembl:ENSMUSG00000048763|ensembl:ENSMUSG00000032368	Pou4f1, Zic4, Hoxb3, Zic1	Mouse	MBA:997	SO:0001260	0.4959785522788204	NSforest
http://purl.obolibrary.org/obo/PCL_0131169	NTS Aldh1a2 Glut	ensembl:ENSMUSG00000013584|ensembl:ENSMUSG00000086096|ensembl:ENSMUSG00000038700	Aldh1a2, Gm12688, Hoxb5	Mouse	MBA:997	SO:0001260	0.8213552361396305	NSforest
http://purl.obolibrary.org/obo/PCL_0131170	CBN Neurod2 Pvalb Glut	ensembl:ENSMUSG00000086804|ensembl:ENSMUSG00000032323|ensembl:ENSMUSG00000045246|ensembl:ENSMUSG00000021255|ensembl:ENSMUSG00000097248	Gm43154, Cyp11a1, Kcng4, Esrrb, Gm2694	Mouse	MBA:997	SO:0001260	0.3633217993079584	NSforest
http://purl.obolibrary.org/obo/PCL_0131171	NTS Dbh Glut	ensembl:ENSMUSG00000000889|ensembl:ENSMUSG00000012520	Dbh, Phox2b	Mouse	MBA:997	SO:0001260	0.7776657423745903	NSforest
http://purl.obolibrary.org/obo/PCL_0131172	DMX VII Tbx20 Chol	ensembl:ENSMUSG00000031965|ensembl:ENSMUSG00000004730	Tbx20, Adgre1	Mouse	MBA:997	SO:0001260	0.8650519031141868	NSforest
http://purl.obolibrary.org/obo/PCL_0131173	IO Fgl2 Glut	ensembl:ENSMUSG00000067261|ensembl:ENSMUSG00000045532	Foxd3, C1ql1	Mouse	MBA:997	SO:0001260	0.9343434343434344	NSforest
http://purl.obolibrary.org/obo/PCL_0131174	VCO Mafa Meis2 Glut	ensembl:ENSMUSG00000061808|ensembl:ENSMUSG00000017491	Ttr, Rarb	Mouse	MBA:997	SO:0001260	0.7366071428571429	NSforest
http://purl.obolibrary.org/obo/PCL_0131175	SPVO Mafa Meis2 Glut	ensembl:ENSMUSG00000024041|ensembl:ENSMUSG00000026193	Cryaa, Fn1	Mouse	MBA:997	SO:0001260	0.8333333333333334	NSforest
http://purl.obolibrary.org/obo/PCL_0131176	SPVC Mafa Glut	ensembl:ENSMUSG00000041730|ensembl:ENSMUSG00000060429|ensembl:ENSMUSG00000038700	Prrxl1, Sntb1, Hoxb5	Mouse	MBA:997	SO:0001260	0.653225806451613	NSforest
http://purl.obolibrary.org/obo/PCL_0131177	SPVC Ccdc172 Glut	ensembl:ENSMUSG00000025090|ensembl:ENSMUSG00000038700	Ccdc172, Hoxb5	Mouse	MBA:997	SO:0001260	0.7867360208062419	NSforest
http://purl.obolibrary.org/obo/PCL_0131178	SPVC Nmu Glut	ensembl:ENSMUSG00000029236|ensembl:ENSMUSG00000038700	Nmu, Hoxb5	Mouse	MBA:997	SO:0001260	0.8201892744479495	NSforest
http://purl.obolibrary.org/obo/PCL_0131179	MDRNd Bves Glut	ensembl:ENSMUSG00000039410|ensembl:ENSMUSG00000038700	Prdm16, Hoxb5	Mouse	MBA:997	SO:0001260	0.6666666666666667	NSforest
http://purl.obolibrary.org/obo/PCL_0131180	MDRNv Crp Glut	ensembl:ENSMUSG00000026468|ensembl:ENSMUSG00000038700	Lhx4, Hoxb5	Mouse	MBA:997	SO:0001260	0.8000000000000002	NSforest
http://purl.obolibrary.org/obo/PCL_0131181	HB Calcb Chol	ensembl:ENSMUSG00000030666|ensembl:ENSMUSG00000093765	Calcb, Gm20658	Mouse	MBA:997	SO:0001260	0.7563850687622791	NSforest
http://purl.obolibrary.org/obo/PCL_0131182	pinealocyte	ensembl:ENSMUSG00000025386|ensembl:ENSMUSG00000023439|ensembl:ENSMUSG00000107614	Pde6g, Gnb3, Gm44196	Mouse	MBA:997	SO:0001260	0.9782608695652176	NSforest
http://purl.obolibrary.org/obo/PCL_0131183	CS-RPO Meis2 Gaba	ensembl:ENSMUSG00000021685|ensembl:ENSMUSG00000025128|ensembl:ENSMUSG00000086308|ensembl:ENSMUSG00000070509	Otp, Bhlhe22, G630016G05Rik, Rgma	Mouse	MBA:997	SO:0001260	0.5145719489981785	NSforest
http://purl.obolibrary.org/obo/PCL_0131184	PRNc Otp Gly-Gaba	ensembl:ENSMUSG00000021685|ensembl:ENSMUSG00000058665|ensembl:ENSMUSG00000039728|ensembl:ENSMUSG00000086308	Otp, En1, Slc6a5, G630016G05Rik	Mouse	MBA:997	SO:0001260	0.5474370503597121	NSforest
http://purl.obolibrary.org/obo/PCL_0131185	PB Sst Gly-Gaba	ensembl:ENSMUSG00000022245|ensembl:ENSMUSG00000028172|ensembl:ENSMUSG00000063564|ensembl:ENSMUSG00000029151	Skor1, Tacr3, Col23a1, Slc30a3	Mouse	MBA:997	SO:0001260	0.4767184035476718	NSforest
http://purl.obolibrary.org/obo/PCL_0131186	PRNc Prox1 Brs3 Gly-Gaba	ensembl:ENSMUSG00000031130|ensembl:ENSMUSG00000021685|ensembl:ENSMUSG00000029151	Brs3, Otp, Slc30a3	Mouse	MBA:997	SO:0001260	0.7333333333333334	NSforest
http://purl.obolibrary.org/obo/PCL_0131187	CS-PRNr-PCG Tmem163 Otp Gaba	ensembl:ENSMUSG00000031736|ensembl:ENSMUSG00000021685|ensembl:ENSMUSG00000087211|ensembl:ENSMUSG00000005268	Crnde, Otp, Lhx1os, Prlr	Mouse	MBA:997	SO:0001260	0.4205318491032777	NSforest
http://purl.obolibrary.org/obo/PCL_0131188	CS-PRNr-DR En1 Sox2 Gaba	ensembl:ENSMUSG00000110929|ensembl:ENSMUSG00000031734|ensembl:ENSMUSG00000058665|ensembl:ENSMUSG00000028717	Gm47757, Irx3, En1, Tal1	Mouse	MBA:997	SO:0001260	0.56072695035461	NSforest
http://purl.obolibrary.org/obo/PCL_0131189	LDT Fgf7 Gaba	ensembl:ENSMUSG00000067780|ensembl:ENSMUSG00000109995|ensembl:ENSMUSG00000029151	Pi15, B020031H02Rik, Slc30a3	Mouse	MBA:997	SO:0001260	0.6527093596059115	NSforest
http://purl.obolibrary.org/obo/PCL_0131190	LDT-DTN Gata3 Nfix Gaba	ensembl:ENSMUSG00000028584|ensembl:ENSMUSG00000109995|ensembl:ENSMUSG00000032374|ensembl:ENSMUSG00000029151	Lrrc38, B020031H02Rik, Plod2, Slc30a3	Mouse	MBA:997	SO:0001260	0.5673382820784729	NSforest
http://purl.obolibrary.org/obo/PCL_0131191	NI-RPO Gata3 Nr4a2 Gaba	ensembl:ENSMUSG00000019935|ensembl:ENSMUSG00000015053|ensembl:ENSMUSG00000028717	Slc17a8, Gata2, Tal1	Mouse	MBA:997	SO:0001260	0.4742612011439466	NSforest
http://purl.obolibrary.org/obo/PCL_0131192	LDT-PCG-CS Gata3 Lhx1 Gaba	ensembl:ENSMUSG00000021680|ensembl:ENSMUSG00000092196|ensembl:ENSMUSG00000015619	Crhbp, Gm38505, Gata3	Mouse	MBA:997	SO:0001260	0.4543245869776482	NSforest
http://purl.obolibrary.org/obo/PCL_0131193	PDTg-PCG Pax6 Gaba	ensembl:ENSMUSG00000031734|ensembl:ENSMUSG00000027168|ensembl:ENSMUSG00000015619	Irx3, Pax6, Gata3	Mouse	MBA:997	SO:0001260	0.7394843962008142	NSforest
http://purl.obolibrary.org/obo/PCL_0131194	PDTg Otp Shroom3 Gaba	ensembl:ENSMUSG00000001870|ensembl:ENSMUSG00000090125|ensembl:ENSMUSG00000021685	Ltbp1, Pou3f1, Otp	Mouse	MBA:997	SO:0001260	0.8098591549295776	NSforest
http://purl.obolibrary.org/obo/PCL_0131195	PDTg Otp Olig3 Gaba	ensembl:ENSMUSG00000045591|ensembl:ENSMUSG00000063415	Olig3, Cyp26b1	Mouse	MBA:997	SO:0001260	0.8807829181494662	NSforest
http://purl.obolibrary.org/obo/PCL_0131196	LDT-PCG St18 Gaba	ensembl:ENSMUSG00000033740|ensembl:ENSMUSG00000021685|ensembl:ENSMUSG00000045573	St18, Otp, Penk	Mouse	MBA:997	SO:0001260	0.5062166962699822	NSforest
http://purl.obolibrary.org/obo/PCL_0131197	DTN-LDT-IPN Otp Pax3 Gaba	ensembl:ENSMUSG00000084136|ensembl:ENSMUSG00000028736	Vmn1r207-ps, Pax7	Mouse	MBA:997	SO:0001260	0.6794550017927573	NSforest
http://purl.obolibrary.org/obo/PCL_0131198	NLL Gata3 Gly-Gaba	ensembl:ENSMUSG00000104093|ensembl:ENSMUSG00000021665	A330015K06Rik, Hexb	Mouse	MBA:997	SO:0001260	0.3403565640194489	NSforest
http://purl.obolibrary.org/obo/PCL_0131199	PSV Pax2 Gly-Gaba	ensembl:ENSMUSG00000021665|ensembl:ENSMUSG00000004231	Hexb, Pax2	Mouse	MBA:997	SO:0001260	0.6504065040650407	NSforest
http://purl.obolibrary.org/obo/PCL_0131200	NLL-po Pax7 Gaba	ensembl:ENSMUSG00000111757|ensembl:ENSMUSG00000034959	Gm46124, Rubcnl	Mouse	MBA:997	SO:0001260	0.6060606060606061	NSforest
http://purl.obolibrary.org/obo/PCL_0131201	POR Gata3 Gly-Gaba	ensembl:ENSMUSG00000024868|ensembl:ENSMUSG00000049001|ensembl:ENSMUSG00000068696	Dkk1, Ndnf, Gpr88	Mouse	MBA:997	SO:0001260	0.7203389830508474	NSforest
http://purl.obolibrary.org/obo/PCL_0131202	POR Spp1 Gly-Gaba	ensembl:ENSMUSG00000086863|ensembl:ENSMUSG00000025488	Gm15543, Cox8b	Mouse	MBA:997	SO:0001260	0.853658536585366	NSforest
http://purl.obolibrary.org/obo/PCL_0131203	PRP Otp Gly-Gaba	ensembl:ENSMUSG00000026976|ensembl:ENSMUSG00000021685|ensembl:ENSMUSG00000079277	Pax8, Otp, Hoxd3	Mouse	MBA:997	SO:0001260	0.6233766233766234	NSforest
http://purl.obolibrary.org/obo/PCL_0131204	GRN-IRN-MDRNd Ikzf1 Gly-Gaba	ensembl:ENSMUSG00000018654|ensembl:ENSMUSG00000041730	Ikzf1, Prrxl1	Mouse	MBA:997	SO:0001260	0.8823529411764706	NSforest
http://purl.obolibrary.org/obo/PCL_0131205	MY Lhx1 Gly-Gaba	ensembl:ENSMUSG00000039728|ensembl:ENSMUSG00000027270|ensembl:ENSMUSG00000018698|ensembl:ENSMUSG00000029151	Slc6a5, Lamp5, Lhx1, Slc30a3	Mouse	MBA:997	SO:0001260	0.4641555285540705	NSforest
http://purl.obolibrary.org/obo/PCL_0131206	PPY-PGRNl Vip Glyc-Gaba	ensembl:ENSMUSG00000019772|ensembl:ENSMUSG00000034486|ensembl:ENSMUSG00000020953	Vip, Gbx2, Coch	Mouse	MBA:997	SO:0001260	0.6156716417910447	NSforest
http://purl.obolibrary.org/obo/PCL_0131207	MV-SPIV-PRP Dmbx1 Gly-Gaba	ensembl:ENSMUSG00000028707|ensembl:ENSMUSG00000022245|ensembl:ENSMUSG00000025927	Dmbx1, Skor1, Tfap2b	Mouse	MBA:997	SO:0001260	0.5998389694041868	NSforest
http://purl.obolibrary.org/obo/PCL_0131208	MDRN Hoxb5 Ebf2 Gly-Gaba	ensembl:ENSMUSG00000026976|ensembl:ENSMUSG00000031734|ensembl:ENSMUSG00000038700	Pax8, Irx3, Hoxb5	Mouse	MBA:997	SO:0001260	0.7083906464924347	NSforest
http://purl.obolibrary.org/obo/PCL_0131209	MDRNd Prox1 Pax6 Gly-Gaba	ensembl:ENSMUSG00000048562|ensembl:ENSMUSG00000027168|ensembl:ENSMUSG00000075394	Sp8, Pax6, Hoxc4	Mouse	MBA:997	SO:0001260	0.6818181818181818	NSforest
http://purl.obolibrary.org/obo/PCL_0131210	MY Prox1 Lmo7 Gly-Gaba	ensembl:ENSMUSG00000063415|ensembl:ENSMUSG00000022245|ensembl:ENSMUSG00000004231|ensembl:ENSMUSG00000027270	Cyp26b1, Skor1, Pax2, Lamp5	Mouse	MBA:997	SO:0001260	0.4679376083188908	NSforest
http://purl.obolibrary.org/obo/PCL_0131211	NTS-MDRNd Prox1 Zic1 Gly-Gaba	ensembl:ENSMUSG00000021359|ensembl:ENSMUSG00000053399|ensembl:ENSMUSG00000038253	Tfap2a, Adamts18, Hoxa5	Mouse	MBA:997	SO:0001260	0.5425824175824175	NSforest
http://purl.obolibrary.org/obo/PCL_0131212	MV Nkx6-1 Gly-Gaba	ensembl:ENSMUSG00000043659|ensembl:ENSMUSG00000035187|ensembl:ENSMUSG00000025592	Npsr1, Nkx6-1, Dach2	Mouse	MBA:997	SO:0001260	0.7788018433179722	NSforest
http://purl.obolibrary.org/obo/PCL_0131213	PAS-MV Ebf2 Gly-Gaba	ensembl:ENSMUSG00000022245|ensembl:ENSMUSG00000039728|ensembl:ENSMUSG00000025128|ensembl:ENSMUSG00000022053	Skor1, Slc6a5, Bhlhe22, Ebf2	Mouse	MBA:997	SO:0001260	0.5747663551401869	NSforest
http://purl.obolibrary.org/obo/PCL_0131214	MV Pax6 Gly-Gaba	ensembl:ENSMUSG00000020734|ensembl:ENSMUSG00000004231|ensembl:ENSMUSG00000005716|ensembl:ENSMUSG00000001504	Grin2c, Pax2, Pvalb, Irx2	Mouse	MBA:997	SO:0001260	0.6393001345895021	NSforest
http://purl.obolibrary.org/obo/PCL_0131215	CBN Dmbx1 Gaba	ensembl:ENSMUSG00000028707|ensembl:ENSMUSG00000041046	Dmbx1, Ramp3	Mouse	MBA:997	SO:0001260	0.8256880733944953	NSforest
http://purl.obolibrary.org/obo/PCL_0131216	RPA Pax6 Hoxb5 Gly-Gaba	ensembl:ENSMUSG00000012819|ensembl:ENSMUSG00000096014|ensembl:ENSMUSG00000048763	Cdh23, Sox1, Hoxb3	Mouse	MBA:997	SO:0001260	0.5698234349919743	NSforest
http://purl.obolibrary.org/obo/PCL_0131217	CU-ECU Pax2 Gly-Gaba	ensembl:ENSMUSG00000012819|ensembl:ENSMUSG00000010825|ensembl:ENSMUSG00000097623	Cdh23, Grid2ip, B230323A14Rik	Mouse	MBA:997	SO:0001260	0.9701492537313434	NSforest
http://purl.obolibrary.org/obo/PCL_0131218	PRP Gata3 Slc6a5 Gly-Gaba	ensembl:ENSMUSG00000100303|ensembl:ENSMUSG00000015619|ensembl:ENSMUSG00000048763	2600014E21Rik, Gata3, Hoxb3	Mouse	MBA:997	SO:0001260	0.6942277691107644	NSforest
http://purl.obolibrary.org/obo/PCL_0131219	MARN-PPY Ngfr Gly-Gaba	ensembl:ENSMUSG00000069132|ensembl:ENSMUSG00000000120|ensembl:ENSMUSG00000031665	Nxph2, Ngfr, Sall1	Mouse	MBA:997	SO:0001260	0.8695652173913042	NSforest
http://purl.obolibrary.org/obo/PCL_0131220	PARN-MDRNd-NTS Gbx2 Gly-Gaba	ensembl:ENSMUSG00000034486|ensembl:ENSMUSG00000004231|ensembl:ENSMUSG00000079277	Gbx2, Pax2, Hoxd3	Mouse	MBA:997	SO:0001260	0.4987385988744421	NSforest
http://purl.obolibrary.org/obo/PCL_0131221	MV Nr4a2 Gly-Gaba	ensembl:ENSMUSG00000112430|ensembl:ENSMUSG00000025094|ensembl:ENSMUSG00000027270	Gm30624, Slc18a2, Lamp5	Mouse	MBA:997	SO:0001260	0.6593406593406593	NSforest
http://purl.obolibrary.org/obo/PCL_0131222	MV Xdh Gly-Gaba	ensembl:ENSMUSG00000024066|ensembl:ENSMUSG00000015568|ensembl:ENSMUSG00000034486	Xdh, Lpl, Gbx2	Mouse	MBA:997	SO:0001260	0.8214285714285714	NSforest
http://purl.obolibrary.org/obo/PCL_0131223	IRN Dmbx1 Pax2 Gly-Gaba	ensembl:ENSMUSG00000028707|ensembl:ENSMUSG00000004231|ensembl:ENSMUSG00000048763	Dmbx1, Pax2, Hoxb3	Mouse	MBA:997	SO:0001260	0.6231884057971014	NSforest
http://purl.obolibrary.org/obo/PCL_0131224	NTS-PARN Neurod2 Gly-Gaba	ensembl:ENSMUSG00000049744|ensembl:ENSMUSG00000075394|ensembl:ENSMUSG00000039728	Arhgap15, Hoxc4, Slc6a5	Mouse	MBA:997	SO:0001260	0.5474503265249409	NSforest
http://purl.obolibrary.org/obo/PCL_0131225	SPVI-SPVC Sall3 Nfib Gly-Gaba	ensembl:ENSMUSG00000061048|ensembl:ENSMUSG00000096883|ensembl:ENSMUSG00000027270	Cdh3, Shisa8, Lamp5	Mouse	MBA:997	SO:0001260	0.5706433882961526	NSforest
http://purl.obolibrary.org/obo/PCL_0131226	SPVI-SPVC Sall3 Lhx1 Gly-Gaba	ensembl:ENSMUSG00000027004|ensembl:ENSMUSG00000067724|ensembl:ENSMUSG00000024565	Frzb, Gbx1, Sall3	Mouse	MBA:997	SO:0001260	0.7137112987535184	NSforest
http://purl.obolibrary.org/obo/PCL_0131227	RO-RPA Pkd2l1 Gaba	ensembl:ENSMUSG00000037578|ensembl:ENSMUSG00000024027	Pkd2l1, Glp1r	Mouse	MBA:997	SO:0001260	0.9126984126984128	NSforest
http://purl.obolibrary.org/obo/PCL_0131228	DCO Il22 Gly-Gaba	ensembl:ENSMUSG00000026655|ensembl:ENSMUSG00000005716|ensembl:ENSMUSG00000025128	Fam107b, Pvalb, Bhlhe22	Mouse	MBA:997	SO:0001260	0.5344827586206896	NSforest
http://purl.obolibrary.org/obo/PCL_0131229	CB PLI Gly-Gaba	ensembl:ENSMUSG00000041324|ensembl:ENSMUSG00000025927	Inhba, Tfap2b	Mouse	MBA:997	SO:0001260	0.5637513171759748	NSforest
http://purl.obolibrary.org/obo/PCL_0131230	CBX Golgi Gly-Gaba	ensembl:ENSMUSG00000031610|ensembl:ENSMUSG00000023192	Scrg1, Grm2	Mouse	MBA:997	SO:0001260	0.8734939759036144	NSforest
http://purl.obolibrary.org/obo/PCL_0131231	CBX MLI Megf11 Gaba	ensembl:ENSMUSG00000024827|ensembl:ENSMUSG00000005716	Gldc, Pvalb	Mouse	MBA:997	SO:0001260	0.6644144144144144	NSforest
http://purl.obolibrary.org/obo/PCL_0131232	CBX MLI Cdh22 Gaba	ensembl:ENSMUSG00000109994|ensembl:ENSMUSG00000025083	Gm45459, Afap1l2	Mouse	MBA:997	SO:0001260	0.5508474576271186	NSforest
http://purl.obolibrary.org/obo/PCL_0131233	CBX Purkinje Gaba	ensembl:ENSMUSG00000004630|ensembl:ENSMUSG00000054901	Pcp2, Arhgef33	Mouse	MBA:997	SO:0001260	0.99375	NSforest
http://purl.obolibrary.org/obo/PCL_0131234	CB Granule Glut	ensembl:ENSMUSG00000020428|ensembl:ENSMUSG00000040380	Gabra6, Cbln3	Mouse	MBA:997	SO:0001260	0.849462365591398	NSforest
http://purl.obolibrary.org/obo/PCL_0131235	DCO UBC Glut	ensembl:ENSMUSG00000042045|ensembl:ENSMUSG00000055333	Sln, Fat2	Mouse	MBA:997	SO:0001260	0.8749999999999999	NSforest
http://purl.obolibrary.org/obo/PCL_0131236	Bergman glial cell	ensembl:ENSMUSG00000021943|ensembl:ENSMUSG00000042096	Gdf10, Dao	Mouse	MBA:997	SO:0001260	0.8908045977011495	NSforest
http://purl.obolibrary.org/obo/PCL_0131237	cerebellar astrocyte	ensembl:ENSMUSG00000016194|ensembl:ENSMUSG00000063415|ensembl:ENSMUSG00000035805	Hsd11b1, Cyp26b1, Mlc1	Mouse	MBA:997	SO:0001260	0.6849315068493151	NSforest
http://purl.obolibrary.org/obo/PCL_0131238	Astro-NT NN	ensembl:ENSMUSG00000031980|ensembl:ENSMUSG00000053279|ensembl:ENSMUSG00000035805	Agt, Aldh1a1, Mlc1	Mouse	MBA:997	SO:0001260	0.6994047619047619	NSforest
http://purl.obolibrary.org/obo/PCL_0131239	Astro-TE NN	ensembl:ENSMUSG00000030605|ensembl:ENSMUSG00000006205|ensembl:ENSMUSG00000021750	Mfge8, Htra1, Fam107a	Mouse	MBA:997	SO:0001260	0.5809334657398212	NSforest
http://purl.obolibrary.org/obo/PCL_0131240	Astro-OLF NN	ensembl:ENSMUSG00000037206|ensembl:ENSMUSG00000024827	Islr, Gldc	Mouse	MBA:997	SO:0001260	0.6818181818181819	NSforest
http://purl.obolibrary.org/obo/PCL_0131241	Astroependymal NN	ensembl:ENSMUSG00000027737|ensembl:ENSMUSG00000047793|ensembl:ENSMUSG00000035805	Slc7a11, Sned1, Mlc1	Mouse	MBA:997	SO:0001260	0.5646929824561404	NSforest
http://purl.obolibrary.org/obo/PCL_0131242	Tanycyte NN	ensembl:ENSMUSG00000056380|ensembl:ENSMUSG00000001025	Gpr50, S100a6	Mouse	MBA:997	SO:0001260	0.7775683317624881	NSforest
http://purl.obolibrary.org/obo/PCL_0131243	Ependymal NN	ensembl:ENSMUSG00000070306|ensembl:ENSMUSG00000043164	Ccdc153, Tmem212	Mouse	MBA:997	SO:0001260	0.9769463340891912	NSforest
http://purl.obolibrary.org/obo/PCL_0131244	Hypendymal NN	ensembl:ENSMUSG00000026295|ensembl:ENSMUSG00000035805	Spp2, Mlc1	Mouse	MBA:997	SO:0001260	0.8980582524271844	NSforest
http://purl.obolibrary.org/obo/PCL_0131245	CHOR NN	ensembl:ENSMUSG00000115625	2900040C04Rik	Mouse	MBA:997	SO:0001260	0.9857723577235772	NSforest
http://purl.obolibrary.org/obo/PCL_0131246	OPC NN	ensembl:ENSMUSG00000052229|ensembl:ENSMUSG00000029231	Gpr17, Pdgfra	Mouse	MBA:997	SO:0001260	0.9503154574132492	NSforest
http://purl.obolibrary.org/obo/PCL_0131247	Oligo NN	ensembl:ENSMUSG00000033579|ensembl:ENSMUSG00000037625	Fa2h, Cldn11	Mouse	MBA:997	SO:0001260	0.923527597903176	NSforest
http://purl.obolibrary.org/obo/PCL_0131248	OEC	ensembl:ENSMUSG00000027004|ensembl:ENSMUSG00000022548	Frzb, Apod	Mouse	MBA:997	SO:0001260	0.9126984126984128	NSforest
http://purl.obolibrary.org/obo/PCL_0131249	ABC NN	ensembl:ENSMUSG00000006014	Prg4	Mouse	MBA:997	SO:0001260	0.9365079365079364	NSforest
http://purl.obolibrary.org/obo/PCL_0131250	VLMC NN	ensembl:ENSMUSG00000030108|ensembl:ENSMUSG00000050295	Slc6a13, Foxc1	Mouse	MBA:997	SO:0001260	0.8556547619047619	NSforest
http://purl.obolibrary.org/obo/PCL_0131251	Peri NN	ensembl:ENSMUSG00000030249|ensembl:ENSMUSG00000020928	Abcc9, Higd1b	Mouse	MBA:997	SO:0001260	0.8235294117647058	NSforest
http://purl.obolibrary.org/obo/PCL_0131252	SMC NN	ensembl:ENSMUSG00000018830|ensembl:ENSMUSG00000035783	Myh11, Acta2	Mouse	MBA:997	SO:0001260	0.9485530546623794	NSforest
http://purl.obolibrary.org/obo/PCL_0131253	Endo NN	ensembl:ENSMUSG00000079018|ensembl:ENSMUSG00000029648	Ly6c1, Flt1	Mouse	MBA:997	SO:0001260	0.9818941504178272	NSforest
http://purl.obolibrary.org/obo/PCL_0131254	Microglia NN	ensembl:ENSMUSG00000054675|ensembl:ENSMUSG00000052336	Tmem119, Cx3cr1	Mouse	MBA:997	SO:0001260	0.9684684684684686	NSforest
http://purl.obolibrary.org/obo/PCL_0131255	BAM NN	ensembl:ENSMUSG00000039109|ensembl:ENSMUSG00000029373	F13a1, Pf4	Mouse	MBA:997	SO:0001260	0.9829059829059832	NSforest
http://purl.obolibrary.org/obo/PCL_0131256	Monocytes NN	ensembl:ENSMUSG00000056054	S100a8	Mouse	MBA:997	SO:0001260	0.9090909090909092	NSforest
http://purl.obolibrary.org/obo/PCL_0131257	DC NN	ensembl:ENSMUSG00000036594|ensembl:ENSMUSG00000024610	H2-Aa, Cd74	Mouse	MBA:997	SO:0001260	0.9726688102893892	NSforest
http://purl.obolibrary.org/obo/PCL_0131258	Lymphoid NN	ensembl:ENSMUSG00000039264	Gimap3	Mouse	MBA:997	SO:0001260	0.901386748844376	NSforest
